player_id,player_name,height,college,country,draft_year,draft_round,draft_number
1626220,Royce O'Neale,198.12,Baylor,USA,0,0,0
202711,Bojan Bogdanovic,203.2,Unknown,Croatia,2011,2011,2011
203497,Rudy Gobert,215.9,Unknown,France,2013,2013,2013
1628378,Donovan Mitchell,190.5,Louisville,USA,2017,2017,2017
201144,Mike Conley,185.42,Ohio State,USA,2007,2007,2007
204060,Joe Ingles,203.2,Unknown,Australia,0,0,0
202334,Ed Davis,208.28,North Carolina,USA,2010,2010,2010
201145,Jeff Green,205.74,Georgetown,USA,2007,2007,2007
203957,Dante Exum,198.12,Unknown,Australia,2014,2014,2014
1626144,Emmanuel Mudiay,195.58,Unknown,Democratic Republic of the Congo,2015,2015,2015
1627777,Georges Niang,203.2,Iowa State,USA,2016,2016,2016
1628396,Tony Bradley,208.28,North Carolina,USA,2017,2017,2017
1628430,Nigel Williams-Goss,187.96,Gonzaga,USA,2017,2017,2017
202699,Tobias Harris,203.2,Tennessee,USA,2011,2011,2011
201143,Al Horford,208.28,Florida,Dominican Republic,2007,2007,2007
203954,Joel Embiid,213.36,Kansas,Cameroon,2014,2014,2014
1627788,Furkan Korkmaz,200.66,Unknown,Turkey,2016,2016,2016
1627732,Ben Simmons,208.28,Louisiana State,Australia,2016,2016,2016
203516,James Ennis III,200.66,Long Beach State,USA,2013,2013,2013
203118,Mike Scott,203.2,Virginia,USA,2012,2012,2012
203526,Raul Neto,185.42,Unknown,Brazil,2013,2013,2013
1629680,Matisse Thybulle,195.58,Washington,USA,2019,2019,2019
1629003,Shake Milton,198.12,Southern Methodist,USA,2018,2018,2018
203124,Kyle O'Quinn,208.28,Norfolk State,USA,2012,2012,2012
203658,Norvel Pelle,208.28,Iona,USA,0,0,0
1628995,Kevin Knox II,205.74,Kentucky,USA,2018,2018,2018
203944,Julius Randle,205.74,Kentucky,USA,2014,2014,2014
201959,Taj Gibson,205.74,Southern California,USA,2009,2009,2009
1629628,RJ Barrett,198.12,Duke,Canada,2019,2019,2019
1628372,Dennis Smith Jr.,190.5,North Carolina State,USA,2017,2017,2017
201961,Wayne Ellington,193.04,North Carolina,USA,2009,2009,2009
1629011,Mitchell Robinson,215.9,Unknown,USA,2018,2018,2018
1628422,Damyean Dotson,195.58,Houston,USA,2017,2017,2017
1626171,Bobby Portis,210.82,Arkansas,USA,2015,2015,2015
1629019,Allonzo Trier,195.58,Arizona,USA,0,0,0
1629649,Ignas Brazdeikis,198.12,Michigan,Canada,2019,2019,2019
1628443,Kadeem Allen,190.5,Arizona,USA,2017,2017,2017
203114,Khris Middleton,200.66,Texas A&M,USA,2012,2012,2012
203507,Giannis Antetokounmpo,205.74,Unknown,Greece,2013,2013,2013
201577,Robin Lopez,213.36,Stanford,USA,2008,2008,2008
202083,Wesley Matthews,195.58,Marquette,USA,0,0,0
202339,Eric Bledsoe,185.42,Kentucky,USA,2010,2010,2010
1628978,Donte DiVincenzo,193.04,Villanova,USA,2018,2018,2018
101141,Ersan Ilyasova,205.74,Unknown,Turkey,2005,2005,2005
1626192,Pat Connaughton,195.58,Notre Dame,USA,2015,2015,2015
201588,George Hill,187.96,Indiana Purdue-Indianapolis,USA,2008,2008,2008
1628391,D.J. Wilson,208.28,Michigan,USA,2017,2017,2017
2594,Kyle Korver,200.66,Creighton,USA,2003,2003,2003
1627733,Dragan Bender,215.9,Unknown,Croatia,2016,2016,2016
203648,Thanasis Antetokounmpo,200.66,Unknown,Greece,2014,2014,2014
1627739,Kris Dunn,193.04,Providence,USA,2016,2016,2016
1628374,Lauri Markkanen,213.36,Arizona,Finland,2017,2017,2017
1628976,Wendell Carter Jr.,208.28,Duke,USA,2018,2018,2018
203897,Zach LaVine,195.58,UCLA,USA,2014,2014,2014
203107,Tomas Satoransky,200.66,Unknown,Czech Republic,2012,2012,2012
1629632,Coby White,193.04,North Carolina,USA,2019,2019,2019
201152,Thaddeus Young,203.2,Georgia Tech,USA,2007,2007,2007
1627853,Ryan Arcidiacono,190.5,Villanova,USA,0,0,0
1627756,Denzel Valentine,198.12,Michigan State,USA,2016,2016,2016
1629655,Daniel Gafford,208.28,Arkansas,USA,2019,2019,2019
1627885,Shaquille Harrison,193.04,Tulsa,USA,0,0,0
1628436,Luke Kornet,215.9,Vanderbilt,USA,0,0,0
1629622,Max Strus,195.58,DePaul,USA,0,0,0
203084,Harrison Barnes,203.2,North Carolina,USA,2012,2012,2012
202357,Nemanja Bjelica,208.28,Unknown,Serbia,2010,2010,2010
1626158,Richaun Holmes,208.28,Bowling Green,USA,2015,2015,2015
1627741,Buddy Hield,193.04,Oklahoma,Bahamas,2016,2016,2016
202709,Cory Joseph,190.5,Texas,Canada,2011,2011,2011
203992,Bogdan Bogdanovic,198.12,Unknown,Serbia,2014,2014,2014
1629713,Justin James,200.66,Wyoming,USA,2019,2019,2019
2772,Trevor Ariza,203.2,UCLA,USA,2004,2004,2004
203473,Dewayne Dedmon,213.36,Southern California,USA,0,0,0
1627812,Yogi Ferrell,182.88,Indiana,USA,0,0,0
1628385,Harry Giles III,208.28,Duke,USA,2017,2017,2017
1629657,Kyle Guy,185.42,Virginia,USA,2019,2019,2019
1628403,Caleb Swanigan,203.2,Purdue,USA,2017,2017,2017
1626162,Kelly Oubre Jr.,200.66,Kansas,USA,2015,2015,2015
203967,Dario Saric,208.28,Unknown,Croatia,2014,2014,2014
1626163,Frank Kaminsky,213.36,Wisconsin,USA,2015,2015,2015
1626164,Devin Booker,198.12,Kentucky,USA,2015,2015,2015
201937,Ricky Rubio,193.04,Unknown,Spain,2009,2009,2009
1628969,Mikal Bridges,200.66,Villanova,USA,2018,2018,2018
1629660,Ty Jerome,195.58,Virginia,USA,2019,2019,2019
1629661,Cameron Johnson,203.2,North Carolina,USA,2019,2019,2019
1628975,Jevon Carter,187.96,West Virginia,USA,2018,2018,2018
203382,Aron Baynes,208.28,Washington State,Australia,0,0,0
204020,Tyler Johnson,190.5,Fresno State,USA,0,0,0
1629059,Elie Okobo,190.5,Unknown,France,2018,2018,2018
1628970,Miles Bridges,200.66,Michigan State,USA,2018,2018,2018
1629023,P.J. Washington,200.66,Kentucky,USA,2019,2019,2019
202687,Bismack Biyombo,205.74,Unknown,Democratic Republic of the Congo,2011,2011,2011
1628984,Devonte' Graham,187.96,Kansas,USA,2018,2018,2018
1626179,Terry Rozier,187.96,Louisville,USA,2015,2015,2015
201587,Nicolas Batum,203.2,Unknown,France,2008,2008,2008
203469,Cody Zeller,213.36,Indiana,USA,2013,2013,2013
101107,Marvin Williams,205.74,North Carolina,USA,2005,2005,2005
1628370,Malik Monk,190.5,Kentucky,USA,2017,2017,2017
1628407,Dwayne Bacon,200.66,Florida State,USA,2017,2017,2017
1626195,Willy Hernangomez,210.82,Unknown,Spain,2015,2015,2015
203077,Michael Kidd-Gilchrist,200.66,Kentucky,USA,2012,2012,2012
203933,T.J. Warren,203.2,North Carolina State,USA,2014,2014,2014
1627734,Domantas Sabonis,210.82,Gonzaga,Lithuania,2016,2016,2016
1626167,Myles Turner,210.82,Texas,USA,2015,2015,2015
203087,Jeremy Lamb,195.58,Connecticut,USA,2012,2012,2012
1627763,Malcolm Brogdon,195.58,Virginia,USA,2016,2016,2016
203200,Justin Holiday,198.12,Washington,USA,0,0,0
1628988,Aaron Holiday,185.42,UCLA,USA,2018,2018,2018
204456,T.J. McConnell,187.96,Arizona,USA,0,0,0
203926,Doug McDermott,203.2,Creighton,USA,2014,2014,2014
1629048,Goga Bitadze,210.82,Unknown,Georgia,2019,2019,2019
1628993,Alize Johnson,205.74,Missouri State,USA,2018,2018,2018
1628388,TJ Leaf,208.28,UCLA,USA,2017,2017,2017
203524,Solomon Hill,200.66,Arizona,USA,2013,2013,2013
203109,Jae Crowder,198.12,Marquette,USA,2012,2012,2012
1628991,Jaren Jackson Jr.,210.82,Michigan State,USA,2018,2018,2018
1628415,Dillon Brooks,198.12,Oregon,Canada,2017,2017,2017
1626145,Tyus Jones,187.96,Duke,USA,2015,2015,2015
1629001,De'Anthony Melton,193.04,USC,USA,2018,2018,2018
1628960,Grayson Allen,195.58,Duke,USA,2018,2018,2018
203998,Bruno Caboclo,205.74,Unknown,Brazil,2014,2014,2014
1629741,Marko Guduric,198.12,Unknown,Serbia,0,0,0
203937,Kyle Anderson,205.74,UCLA,USA,2014,2014,2014
1629634,Brandon Clarke,203.2,Gonzaga,Canada,2019,2019,2019
202685,Jonas Valanciunas,210.82,Unknown,Lithuania,2011,2011,2011
1629139,Yuta Watanabe,205.74,George Washington,Japan,0,0,0
1629672,Eric Paschall,198.12,Villanova,USA,2019,2019,2019
1626172,Kevon Looney,205.74,UCLA,USA,2015,2015,2015
1626161,Willie Cauley-Stein,213.36,Kentucky,USA,2015,2015,2015
203922,Glenn Robinson III,200.66,Michigan,USA,2014,2014,2014
202692,Alec Burks,198.12,Colorado,USA,2011,2011,2011
1629065,Ky Bowman,185.42,Boston College,USA,0,0,0
1627737,Marquese Chriss,208.28,Washington,USA,2016,2016,2016
1629673,Jordan Poole,193.04,Michigan,USA,2019,2019,2019
1629016,Omari Spellman,205.74,Villanova,USA,2018,2018,2018
1628980,Jacob Evans,198.12,Cincinnati,USA,2018,2018,2018
203110,Draymond Green,200.66,Michigan State,USA,2012,2012,2012
1629631,De'Andre Hunter,200.66,Virginia,USA,2019,2019,2019
203953,Jabari Parker,203.2,Duke,USA,2014,2014,2014
1627745,Damian Jones,213.36,Vanderbilt,USA,2016,2016,2016
1627761,DeAndre' Bembry,198.12,Saint Joseph's,USA,2016,2016,2016
1629027,Trae Young,187.96,Oklahoma,USA,2018,2018,2018
1713,Vince Carter,200.66,North Carolina,USA,1998,1998,1998
203458,Alex Len,215.9,Maryland,Ukraine,2013,2013,2013
1629629,Cam Reddish,203.2,Duke,USA,2019,2019,2019
202323,Evan Turner,200.66,Ohio State,USA,2010,2010,2010
1627820,Tyrone Wallace,195.58,California,USA,2016,2016,2016
1628981,Bruno Fernando,205.74,Maryland,Angola,2019,2019,2019
1629164,Brandon Goodwin,187.96,Unknown,USA,0,0,0
202718,Chandler Parsons,205.74,Florida,USA,2011,2011,2011
202710,Jimmy Butler,200.66,Marquette,USA,2011,2011,2011
1628389,Bam Adebayo,208.28,Kentucky,USA,2017,2017,2017
203086,Meyers Leonard,215.9,Illinois,USA,2012,2012,2012
1629130,Duncan Robinson,203.2,Michigan,USA,0,0,0
1629134,Kendrick Nunn,187.96,Oakland,USA,0,0,0
201609,Goran Dragic,193.04,Unknown,Slovenia,2008,2008,2008
1626159,Justise Winslow,200.66,Duke,USA,2015,2015,2015
1629735,Chris Silva,203.2,South Carolina,Gabon,0,0,0
1629639,Tyler Herro,195.58,Kentucky,USA,2019,2019,2019
203482,Kelly Olynyk,213.36,Gonzaga,Canada,2013,2013,2013
1627884,Derrick Jones Jr.,200.66,Nevada-Las Vegas,USA,0,0,0
2617,Udonis Haslem,203.2,Florida,USA,0,0,0
201949,James Johnson,205.74,Wake Forest,USA,2009,2009,2009
203925,Joe Harris,198.12,Virginia,USA,2014,2014,2014
1627752,Taurean Prince,203.2,Baylor,USA,2016,2016,2016
1628386,Jarrett Allen,210.82,Texas,USA,2017,2017,2017
202066,Garrett Temple,198.12,Louisiana State,USA,0,0,0
203915,Spencer Dinwiddie,198.12,Colorado,USA,2014,2014,2014
1629058,Dzanan Musa,205.74,Unknown,Bosnia and Herzegovina,2018,2018,2018
201599,DeAndre Jordan,210.82,Texas A&M,USA,2008,2008,2008
202697,Iman Shumpert,195.58,Georgia Tech,USA,2011,2011,2011
1628021,David Nwaba,193.04,Unknown,USA,0,0,0
1629033,Theo Pinson,198.12,Unknown,USA,0,0,0
1629651,Nicolas Claxton,210.82,Georgia,USA,2019,2019,2019
1626203,Treveon Graham,198.12,Virginia Commonwealth,USA,0,0,0
203496,Robert Covington,205.74,Tennessee State,USA,0,0,0
1626157,Karl-Anthony Towns,213.36,Kentucky,USA,2015,2015,2015
1629633,Jarrett Culver,198.12,Texas Tech,USA,2019,2019,2019
203952,Andrew Wiggins,203.2,Kansas,Canada,2014,2014,2014
201952,Jeff Teague,187.96,Wake Forest,USA,2009,2009,2009
1629006,Josh Okogie,193.04,Georgia Institute of Technology,Nigeria,2018,2018,2018
203894,Shabazz Napier,185.42,Connecticut,USA,2014,2014,2014
1628966,Keita Bates-Diop,205.74,Ohio State,USA,2018,2018,2018
203476,Gorgui Dieng,210.82,Louisville,Senegal,2013,2013,2013
1628395,Jordan Bell,205.74,Oregon,USA,2017,2017,2017
1629675,Naz Reid,205.74,Louisiana State,USA,0,0,0
203943,Noah Vonleh,208.28,Indiana,USA,2014,2014,2014
1627827,Dorian Finney-Smith,203.2,Florida,USA,0,0,0
204001,Kristaps Porzingis,220.98,Unknown,Latvia,2015,2015,2015
203939,Dwight Powell,210.82,Stanford,Canada,2014,2014,2014
203501,Tim Hardaway Jr.,198.12,Michigan,USA,2013,2013,2013
1629029,Luka Doncic,200.66,Unknown,Slovenia,2018,2018,2018
1626153,Delon Wright,195.58,Utah,USA,2015,2015,2015
203552,Seth Curry,187.96,Duke,USA,0,0,0
1628467,Maxi Kleber,210.82,Unknown,Germany,0,0,0
1628973,Jalen Brunson,190.5,Villanova,USA,2018,2018,2018
1628382,Justin Jackson,203.2,North Carolina,USA,2017,2017,2017
1626246,Boban Marjanovic,220.98,Unknown,Serbia,0,0,0
200826,J.J. Barea,182.88,Northeastern,Puerto Rico,0,0,0
201584,Courtney Lee,195.58,Western Kentucky,USA,2008,2008,2008
2544,LeBron James,203.2,Unknown,USA,2003,2003,2003
203076,Anthony Davis,208.28,Kentucky,USA,2012,2012,2012
201580,JaVale McGee,213.36,Nevada,USA,2008,2008,2008
201980,Danny Green,198.12,North Carolina,USA,2009,2009,2009
203484,Kentavious Caldwell-Pope,195.58,Georgia,USA,2013,2013,2013
1628398,Kyle Kuzma,205.74,Utah,USA,2017,2017,2017
1627936,Alex Caruso,195.58,Texas A&M,USA,0,0,0
200765,Rajon Rondo,185.42,Kentucky,USA,2006,2006,2006
203584,Troy Daniels,193.04,Virginia Commonwealth,USA,0,0,0
2730,Dwight Howard,210.82,Unknown,USA,2004,2004,2004
201162,Jared Dudley,200.66,Boston College,USA,2007,2007,2007
1626188,Quinn Cook,187.96,Duke,USA,0,0,0
201942,DeMar DeRozan,200.66,Southern California,USA,2009,2009,2009
200752,Rudy Gay,205.74,Connecticut,USA,2006,2006,2006
1627751,Jakob Poeltl,213.36,Utah,Austria,2016,2016,2016
1628401,Derrick White,193.04,Colorado,USA,2017,2017,2017
1627854,Bryn Forbes,190.5,Michigan State,USA,0,0,0
1627749,Dejounte Murray,195.58,Washington,USA,2016,2016,2016
201988,Patty Mills,182.88,Saint Mary's (CA),Australia,2009,2009,2009
1626168,Trey Lyles,208.28,Kentucky,USA,2015,2015,2015
1629234,Drew Eubanks,208.28,Unknown,USA,0,0,0
201158,Marco Belinelli,195.58,Unknown,Italy,2007,2007,2007
1629022,Lonnie Walker IV,195.58,Miami,USA,2018,2018,2018
201960,DeMarre Carroll,203.2,Missouri,USA,2009,2009,2009
1629002,Chimezie Metu,208.28,USC,USA,2018,2018,2018
203503,Tony Snell,200.66,New Mexico,USA,2013,2013,2013
201933,Blake Griffin,208.28,Oklahoma,USA,2009,2009,2009
203083,Andre Drummond,208.28,Connecticut,USA,2012,2012,2012
1628379,Luke Kennard,195.58,Duke,USA,2017,2017,2017
1628971,Bruce Brown,195.58,Miami,USA,2018,2018,2018
204038,Langston Galloway,187.96,Saint Joseph's,USA,0,0,0
201565,Derrick Rose,190.5,Memphis,USA,2008,2008,2008
202693,Markieff Morris,208.28,Kansas,USA,2011,2011,2011
1629004,Svi Mykhailiuk,203.2,Kansas,Ukraine,2018,2018,2018
1626174,Christian Wood,210.82,Nevada-Las Vegas,USA,0,0,0
1627748,Thon Maker,215.9,Unknown,South Sudan,2016,2016,2016
204025,Tim Frazier,185.42,Unknown,USA,0,0,0
1629635,Sekou Doumbouya,203.2,Unknown,France,2019,2019,2019
1628390,Terrance Ferguson,200.66,Unknown,USA,2017,2017,2017
201568,Danilo Gallinari,208.28,Unknown,Italy,2008,2008,2008
203500,Steven Adams,213.36,Pittsburgh,New Zealand,2013,2013,2013
1628983,Shai Gilgeous-Alexander,198.12,Kentucky,Canada,2018,2018,2018
101108,Chris Paul,182.88,Wake Forest,USA,2005,2005,2005
203457,Nerlens Noel,210.82,Kentucky,USA,2013,2013,2013
203471,Dennis Schroder,185.42,Unknown,Germany,2013,2013,2013
1627846,Abdel Nader,198.12,Iowa State,Egypt,2016,2016,2016
1629647,Darius Bazley,203.2,Unknown,USA,2019,2019,2019
1629126,Deonte Burton,195.58,Iowa State,USA,0,0,0
1628985,Devon Hall,195.58,Virginia,USA,2018,2018,2018
203488,Mike Muscala,210.82,Bucknell,USA,2013,2013,2013
201950,Jrue Holiday,193.04,UCLA,USA,2009,2009,2009
1627742,Brandon Ingram,205.74,Duke,USA,2016,2016,2016
1626143,Jahlil Okafor,210.82,Duke,USA,2015,2015,2015
200755,JJ Redick,193.04,Duke,USA,2006,2006,2006
1628366,Lonzo Ball,198.12,UCLA,USA,2017,2017,2017
1629637,Jaxson Hayes,210.82,Texas-Austin,USA,2019,2019,2019
1628404,Josh Hart,195.58,Villanova,USA,2017,2017,2017
202734,E'Twaun Moore,193.04,Purdue,USA,2011,2011,2011
1629740,Nicolo Melli,205.74,Unknown,Italy,0,0,0
1629638,Nickeil Alexander-Walker,195.58,Virginia Tech,Canada,2019,2019,2019
202324,Derrick Favors,208.28,Georgia Tech,USA,2010,2010,2010
1628402,Frank Jackson,190.5,Duke,USA,2017,2017,2017
1629026,Kenrich Williams,200.66,Unknown,USA,0,0,0
1628371,Jonathan Isaac,208.28,Florida State,USA,2017,2017,2017
203932,Aaron Gordon,205.74,Arizona,USA,2014,2014,2014
203920,Khem Birch,205.74,UNLV,Canada,0,0,0
203095,Evan Fournier,198.12,Unknown,France,2012,2012,2012
1628365,Markelle Fultz,193.04,Washington,USA,2017,2017,2017
1628411,Wes Iwundu,200.66,Kansas State,USA,2017,2017,2017
201571,D.J. Augustin,182.88,Texas,USA,2008,2008,2008
1628964,Mo Bamba,213.36,University of Texas at Austin,USA,2018,2018,2018
203082,Terrence Ross,198.12,Washington,USA,2012,2012,2012
1628982,Melvin Frazier Jr.,198.12,Tulane,USA,2018,2018,2018
1628518,Amile Jefferson,205.74,Duke,USA,0,0,0
203705,Josh Magette,185.42,Alabama Huntsville,USA,0,0,0
1628384,OG Anunoby,203.2,Indiana,United Kingdom,2017,2017,2017
1627783,Pascal Siakam,205.74,New Mexico State,Cameroon,2016,2016,2016
201188,Marc Gasol,215.9,Unknown,Spain,2007,2007,2007
1626181,Norman Powell,193.04,UCLA,USA,2015,2015,2015
1627832,Fred VanVleet,182.88,Wichita State,USA,0,0,0
201586,Serge Ibaka,208.28,Unknown,Democratic Republic of the Congo,2008,2008,2008
1626178,Rondae Hollis-Jefferson,200.66,Arizona,USA,2015,2015,2015
1629056,Terence Davis,193.04,Mississippi,USA,0,0,0
1628449,Chris Boucher,208.28,Oregon,Canada,0,0,0
1629052,Oshae Brissett,200.66,Syracuse,Canada,0,0,0
1626259,Malcolm Miller,200.66,Holy Cross,USA,0,0,0
1629608,Dewan Hernandez,208.28,Miami,USA,2019,2019,2019
1629044,Shamorie Ponds,182.88,"St. John's, N.Y.",USA,0,0,0
1628972,Troy Brown Jr.,200.66,Oregon,USA,2018,2018,2018
1629060,Rui Hachimura,203.2,Gonzaga,Japan,2019,2019,2019
1628418,Thomas Bryant,208.28,Indiana,USA,2017,2017,2017
203078,Bradley Beal,195.58,Florida,USA,2012,2012,2012
202738,Isaiah Thomas,175.26,Washington,USA,2011,2011,2011
202722,Davis Bertans,208.28,Unknown,Latvia,2011,2011,2011
202397,Ish Smith,182.88,Wake Forest,USA,0,0,0
203895,Jordan McRae,195.58,Tennessee,USA,2014,2014,2014
1629067,Isaac Bonga,203.2,Unknown,Germany,2018,2018,2018
1629185,Chris Chiozza,182.88,Unknown,USA,0,0,0
101133,Ian Mahinmi,210.82,Unknown,France,2005,2005,2005
1629021,Moritz Wagner,210.82,Michigan,Germany,2018,2018,2018
202695,Kawhi Leonard,200.66,San Diego State,USA,2011,2011,2011
203090,Maurice Harkless,203.2,St. John's (NY),USA,2012,2012,2012
1627826,Ivica Zubac,215.9,Unknown,Croatia,2016,2016,2016
202331,Paul George,203.2,Fresno State,USA,2010,2010,2010
201976,Patrick Beverley,185.42,Arkansas,USA,2009,2009,2009
101150,Lou Williams,185.42,Unknown,USA,2005,2005,2005
1626149,Montrezl Harrell,203.2,Louisville,USA,2015,2015,2015
203210,JaMychal Green,203.2,Alabama,USA,0,0,0
1629010,Jerome Robinson,195.58,Boston College,USA,2018,2018,2018
1629611,Terance Mann,195.58,Florida State,USA,2019,2019,2019
202335,Patrick Patterson,205.74,Kentucky,USA,2010,2010,2010
1628476,Derrick Walton Jr.,185.42,Michigan,USA,0,0,0
1629662,Mfiondu Kabengele,205.74,Florida State,Canada,2019,2019,2019
1627759,Jaylen Brown,200.66,California,USA,2016,2016,2016
1628369,Jayson Tatum,203.2,Duke,USA,2017,2017,2017
1628464,Daniel Theis,205.74,Unknown,Germany,0,0,0
203935,Marcus Smart,193.04,Oklahoma State,USA,2014,2014,2014
202689,Kemba Walker,185.42,Connecticut,USA,2011,2011,2011
202683,Enes Kanter,210.82,Kentucky,Turkey,2011,2011,2011
1629684,Grant Williams,198.12,Tennessee,USA,2019,2019,2019
1629750,Javonte Green,193.04,Radford,USA,0,0,0
202954,Brad Wanamaker,193.04,Pittsburgh,USA,0,0,0
1629057,Robert Williams III,208.28,Texas A&M,USA,2018,2018,2018
1628400,Semi Ojeleye,200.66,Southern Methodist,USA,2017,2017,2017
1629035,Carsen Edwards,180.34,Purdue,USA,2019,2019,2019
1629738,Vincent Poirier,213.36,Unknown,France,0,0,0
1628373,Frank Ntilikina,195.58,Unknown,France,2017,2017,2017
202694,Marcus Morris Sr.,205.74,Kansas,USA,2011,2011,2011
203459,Allen Crabbe,198.12,California,USA,2013,2013,2013
203463,Ben McLemore,195.58,Kansas,USA,2013,2013,2013
200782,P.J. Tucker,198.12,Texas,USA,2006,2006,2006
2199,Tyson Chandler,215.9,Unknown,USA,2001,2001,2001
201935,James Harden,195.58,Arizona State,USA,2009,2009,2009
201566,Russell Westbrook,190.5,UCLA,USA,2008,2008,2008
1628392,Isaiah Hartenstein,213.36,Unknown,Germany,2017,2017,2017
203085,Austin Rivers,193.04,Duke,USA,2012,2012,2012
1629109,Gary Clark,203.2,Unknown,USA,0,0,0
200757,Thabo Sefolosha,200.66,Unknown,Switzerland,2006,2006,2006
1629598,Chris Clemons,175.26,Campbell University,USA,0,0,0
203991,Clint Capela,208.28,Unknown,Switzerland,2014,2014,2014
1628412,Frank Mason,180.34,Kansas,USA,2017,2017,2017
203115,Will Barton,195.58,Memphis,USA,2012,2012,2012
200794,Paul Millsap,203.2,Louisiana Tech,USA,2006,2006,2006
203999,Nikola Jokic,208.28,Unknown,Serbia,2014,2014,2014
203914,Gary Harris,193.04,Michigan State,USA,2014,2014,2014
1627750,Jamal Murray,193.04,Kentucky,Canada,2016,2016,2016
203924,Jerami Grant,203.2,Syracuse,USA,2014,2014,2014
1627823,Juancho Hernangomez,205.74,Unknown,Spain,2016,2016,2016
1628420,Monte Morris,190.5,Iowa State,USA,2017,2017,2017
203486,Mason Plumlee,210.82,Duke,USA,2013,2013,2013
1627736,Malik Beasley,195.58,Florida State,USA,2016,2016,2016
1628470,Torrey Craig,198.12,South Carolina Upstate,USA,0,0,0
1629008,Michael Porter Jr.,208.28,Missouri,USA,2018,2018,2018
1629117,Wenyen Gabriel,205.74,Kentucky,South Sudan,0,0,0
203504,Trey Burke,185.42,Michigan,USA,2013,2013,2013
1629015,Zhaire Smith,193.04,Texas Tech,USA,2018,2018,2018
1629671,Miye Oni,195.58,Yale,USA,2019,2019,2019
1629630,Ja Morant,190.5,Murray State,USA,2019,2019,2019
203918,Rodney Hood,203.2,Duke,USA,2014,2014,2014
2546,Carmelo Anthony,203.2,Syracuse,USA,2003,2003,2003
202355,Hassan Whiteside,213.36,Marshall,USA,2010,2010,2010
203468,CJ McCollum,193.04,Lehigh,USA,2013,2013,2013
203081,Damian Lillard,190.5,Weber State,USA,2012,2012,2012
1629642,Nassir Little,195.58,North Carolina,USA,2019,2019,2019
1629014,Anfernee Simons,193.04,Unknown,USA,2018,2018,2018
1627746,Skal Labissiere,210.82,Kentucky,Haiti,2016,2016,2016
203145,Kent Bazemore,195.58,Old Dominion,USA,0,0,0
1629650,Moses Brown,218.44,UCLA,USA,0,0,0
1626209,Mario Hezonja,203.2,Unknown,Croatia,2015,2015,2015
1629658,Jaylen Hoard,203.2,Wake Forest,France,0,0,0
201229,Anthony Tolliver,203.2,Creighton,USA,0,0,0
1627767,Cheick Diallo,205.74,Kansas,Mali,2016,2016,2016
203585,Rodney McGruder,193.04,Kansas State,USA,0,0,0
200746,LaMarcus Aldridge,210.82,Texas,USA,2006,2006,2006
201572,Brook Lopez,213.36,Stanford,USA,2008,2008,2008
1626224,Cedi Osman,203.2,Unknown,Turkey,2015,2015,2015
201567,Kevin Love,208.28,UCLA,USA,2008,2008,2008
202684,Tristan Thompson,205.74,Texas,Canada,2011,2011,2011
1629012,Collin Sexton,187.96,Alabama,USA,2018,2018,2018
1629636,Darius Garland,185.42,Vanderbilt,USA,2019,2019,2019
1626204,Larry Nance Jr.,205.74,Wyoming,USA,2015,2015,2015
1629645,Kevin Porter Jr.,193.04,Southern California,USA,2019,2019,2019
203903,Jordan Clarkson,195.58,Missouri,USA,2014,2014,2014
1628035,Alfonzo McKinnie,203.2,Unknown,USA,0,0,0
203521,Matthew Dellavedova,193.04,Saint Mary's (CA),Australia,0,0,0
1627790,Ante Zizic,210.82,Unknown,Croatia,2016,2016,2016
202688,Brandon Knight,190.5,Kentucky,USA,2011,2011,2011
1629621,Marial Shayok,195.58,Iowa State,Canada,2019,2019,2019
202329,Al-Farouq Aminu,205.74,Wake Forest,USA,2010,2010,2010
1627740,Henry Ellenson,210.82,Marquette,USA,2016,2016,2016
1627789,Timothe Luwawu-Cabarrot,198.12,Unknown,France,2016,2016,2016
1628990,Chandler Hutchison,200.66,Boise State,USA,2018,2018,2018
1626156,D'Angelo Russell,195.58,Ohio State,USA,2015,2015,2015
1628383,Justin Patton,213.36,Creighton,USA,2017,2017,2017
1629103,Kelan Martin,195.58,Butler,USA,0,0,0
1628425,Sterling Brown,198.12,Southern Methodist,USA,2017,2017,2017
1628998,Cody Martin,195.58,Nevada-Reno,USA,2019,2019,2019
1627863,Danuel House Jr.,200.66,Texas A&M,USA,0,0,0
1626196,Josh Richardson,198.12,Tennessee,USA,2015,2015,2015
1628413,Jonah Bolden,208.28,Unknown,Australia,2017,2017,2017
1629752,Juwan Morgan,200.66,Indiana,USA,0,0,0
1629168,BJ Johnson,200.66,Unknown,USA,0,0,0
1629066,Rodions Kurucs,205.74,Unknown,Latvia,2018,2018,2018
101139,CJ Miles,198.12,Unknown,USA,2005,2005,2005
1629682,Tremont Waters,177.8,Louisiana State,USA,2019,2019,2019
1629669,Jaylen Nowell,193.04,Washington,USA,2019,2019,2019
1629678,Admiral Schofield,195.58,Tennessee,United Kingdom,2019,2019,2019
1629620,Justin Robinson,185.42,Virginia Tech ,USA,2019,2019,2019
1629028,Deandre Ayton,215.9,Arizona,Bahamas,2018,2018,2018
1629648,Jordan Bone,190.5,Tennessee,USA,2019,2019,2019
1629018,Gary Trent Jr.,198.12,Unknown,USA,0,0,0
1629640,Keldon Johnson,195.58,Kentucky,USA,2019,2019,2019
1629744,Matt Thomas,193.04,Iowa State,USA,0,0,0
1628513,Naz Mitrou-Long,193.04,Iowa State,Canada,0,0,0
1628977,Hamidou Diallo,195.58,Kentucky,USA,2018,2018,2018
1629731,Dean Wade,205.74,Kansas State,USA,0,0,0
1629151,Ryan Broekhoff,200.66,Unknown,Australia,0,0,0
1629610,DaQuan Jeffries,195.58,Tulsa,USA,0,0,0
1629742,Stanton Kidd,198.12,Colorado State,USA,0,0,0
1629625,Justin Wright-Foreman,182.88,Hofstra,USA,2019,2019,2019
202696,Nikola Vucevic,213.36,Southern California,Montenegro,2011,2011,2011
1629076,Tyler Cook,203.2,Iowa,USA,0,0,0
1629597,Zylan Cheatham,195.58,Arizona State,USA,0,0,0
1627982,Josh Gray,185.42,Unknown,USA,0,0,0
1627774,Jake Layman,205.74,Maryland,USA,2016,2016,2016
1628968,Brian Bowen II,198.12,Unknown,USA,0,0,0
203960,JaKarr Sampson,205.74,St. John's (NY),USA,0,0,0
203487,Michael Carter-Williams,198.12,Syracuse,USA,2013,2013,2013
1629020,Jarred Vanderbilt,205.74,Kentucky,USA,2018,2018,2018
1629718,Charles Brown Jr.,0.0,Unknown,Unknown,0,0,0
201583,Ryan Anderson,208.28,California,USA,2008,2008,2008
1626169,Stanley Johnson,200.66,Arizona,USA,2015,2015,2015
1629133,Daryl Macon,190.5,Arkansas,USA,0,0,0
202681,Kyrie Irving,190.5,Duke,Australia,2011,2011,2011
1628997,Caleb Martin,195.58,Nevada-Reno,USA,0,0,0
1629668,Zach Norvell Jr.,195.58,Gonzaga,USA,2019,2019,2019
1628410,Edmond Sumner,195.58,Xavier,USA,2017,2017,2017
1629641,Romeo Langford,193.04,Indiana,USA,2019,2019,2019
202340,Avery Bradley,187.96,Texas,USA,2010,2010,2010
1628989,Kevin Huerter,200.66,Maryland,USA,2018,2018,2018
1628381,John Collins,208.28,Wake Forest,USA,2017,2017,2017
1629644,KZ Okpala,203.2,Stanford,USA,2019,2019,2019
1629162,Jordan McLaughlin,180.34,Southern California,USA,0,0,0
201569,Eric Gordon,190.5,Indiana,USA,2008,2008,2008
1627814,Damion Lee,198.12,Louisville,USA,0,0,0
1629013,Landry Shamet,195.58,Wichita State,USA,2018,2018,2018
1629659,Talen Horton-Tucker,193.04,Iowa State,USA,2019,2019,2019
1627747,Caris LeVert,200.66,Michigan,USA,2016,2016,2016
202330,Gordon Hayward,203.2,Butler,USA,2010,2010,2010
1629723,John Konchar,195.58,Indiana-Purdue Fort Wayne,USA,0,0,0
2200,Pau Gasol,213.36,Unknown,Spain,2001,2001,2001
1629714,Jarrell Brantley,195.58,College of Charleston,USA,2019,2019,2019
200768,Kyle Lowry,182.88,Villanova,USA,2006,2006,2006
1629017,Khyri Thomas,190.5,Creighton,USA,2018,2018,2018
1628368,De'Aaron Fox,190.5,Kentucky,USA,2017,2017,2017
203079,Dion Waiters,193.04,Syracuse,USA,2012,2012,2012
203490,Otto Porter Jr.,203.2,Georgetown,USA,2013,2013,2013
1626187,Michael Frazier,0.0,Unknown,Unknown,0,0,0
202326,DeMarcus Cousins,210.82,Kentucky,USA,2010,2010,2010
1628380,Zach Collins,213.36,Gonzaga,USA,2017,2017,2017
1628427,Vlatko Cancar,203.2,Unknown,Slovenia,2017,2017,2017
201163,Wilson Chandler,203.2,DePaul,USA,2007,2007,2007
1629605,Tacko Fall,226.06,Central Florida,Senegal,0,0,0
201939,Stephen Curry,190.5,Davidson,USA,2009,2009,2009
1627775,Patrick McCaw,200.66,Nevada-Las Vegas,USA,2016,2016,2016
203901,Elfrid Payton,193.04,Louisiana-Lafayette,USA,2014,2014,2014
1628961,Kostas Antetokounmpo,208.28,University of Dayton,Greece,2018,2018,2018
203089,John Henson,210.82,North Carolina,USA,2012,2012,2012
1629726,Garrison Mathews,195.58,Lipscomb,USA,0,0,0
1628405,Johnathan Motley,208.28,Baylor,USA,0,0,0
1629607,Jared Harper,177.8,Auburn,USA,0,0,0
1628408,PJ Dozier,198.12,South Carolina,USA,0,0,0
1629667,Jalen McDaniels,208.28,San Diego State,USA,2019,2019,2019
202704,Reggie Jackson,190.5,Boston College,USA,2011,2011,2011
1628963,Marvin Bagley III,210.82,Duke,USA,2018,2018,2018
1629676,Isaiah Roby,203.2,Nebraska-Lincoln,USA,2019,2019,2019
1628394,Anzejs Pasecniks,218.44,Unknown,Latvia,2017,2017,2017
1627883,Jalen Jones,200.66,Texas A&M,USA,0,0,0
1629312,Haywood Highsmith,200.66,Unknown,USA,0,0,0
1629746,Christ Koumadje,0.0,Unknown,Unknown,0,0,0
1627776,Isaiah Miles,0.0,Unknown,Unknown,0,0,0
1627819,Isaiah Taylor,190.5,Texas,USA,0,0,0
1626166,Cameron Payne,190.5,Murray State,USA,2015,2015,2015
1628421,Devin Robinson,203.2,Florida,USA,0,0,0
1629962,Devin Cannady,187.96,Princeton,USA,2019,2019,2019
201142,Kevin Durant,205.74,Texas,USA,2007,2007,2007
1629747,CJ Massinburg,0.0,Unknown,Unknown,0,0,0
202498,Lance Thomas,203.2,Duke,USA,0,0,0
203710,C.J. Williams,195.58,North Carolina State,USA,0,0,0
101123,Gerald Green,203.2,Unknown,USA,2005,2005,2005
1629070,Matur Maker,0.0,Unknown,Unknown,0,0,0
2403,Nene,210.82,Unknown,Brazil,2002,2002,2002
1629034,Ray Spalding,208.28,Louisville,USA,2018,2018,2018
1629734,Kyle Alexander,208.28,Tennessee,Canada,0,0,0
1628432,Davon Reed,198.12,Miami,USA,2017,2017,2017
1629967,Skyler Flatten,0.0,Unknown,Unknown,0,0,0
204215,Bubu Palo,0.0,Unknown,Unknown,0,0,0
1629824,Jalen Adams,0.0,Unknown,Unknown,0,0,0
1629715,Javon Bess,0.0,Unknown,Unknown,0,0,0
1628448,Kavell Bigby-Williams,0.0,Unknown,Unknown,0,0,0
203121,Darius Miller,203.2,Kentucky,USA,2012,2012,2012
1629627,Zion Williamson,198.12,Duke,USA,2019,2019,2019
203493,Reggie Bullock,200.66,North Carolina,USA,2013,2013,2013
1629722,V.J. King,0.0,Unknown,Unknown,0,0,0
1629777,Lamar Peters,0.0,Unknown,Unknown,0,0,0
1629624,Kenny Wooten,0.0,Unknown,Unknown,0,0,0
1629594,Bennie Boatwright,0.0,Unknown,Unknown,0,0,0
2738,Andre Iguodala,198.12,Arizona,USA,2004,2004,2004
1628367,Josh Jackson,203.2,Kansas,USA,2017,2017,2017
203101,Miles Plumlee,210.82,Duke,USA,2012,2012,2012
1628397,Ivan Rabb,208.28,"University of California, Berkeley",USA,2017,2017,2017
1629683,Quinndary Weatherspoon,190.5,Mississippi State,USA,2019,2019,2019
1629677,Luka Samanic,208.28,Unknown,Croatia,2019,2019,2019
1629756,Daulton Hommes,0.0,Unknown,Unknown,0,0,0
1629719,Devontae Cacok,203.2,North Carolina-Wilmington,USA,0,0,0
1627743,Demetrius Jackson,185.42,Notre Dame,USA,2016,2016,2016
1629305,Marcus Allen,0.0,Unknown,Unknown,0,0,0
1626150,Andrew Harrison,198.12,Kentucky,USA,2015,2015,2015
1629800,Kavion Pippen,0.0,Unknown,Unknown,0,0,0
1629308,Juan Toscano-Anderson,198.12,Marquette,USA,0,0,0
1629346,Alen Smailagic,208.28,Unknown,Serbia,2019,2019,2019
202691,Klay Thompson,200.66,Washington State,USA,2011,2011,2011
1629833,Keljin Blevins,193.04,Montana State,USA,2019,2019,2019
1628505,Troy Caupain,193.04,Cincinnati,USA,0,0,0
1628506,London Perrantes,187.96,Virginia,USA,0,0,0
203994,Jusuf Nurkic,210.82,Unknown,Bosnia & Herzegovina,2014,2014,2014
203092,Tyler Zeller,213.36,North Carolina,USA,2012,2012,2012
1629626,Bol Bol,218.44,Oregon,Sudan,2019,2019,2019
1629729,Josh Reaves,193.04,Penn State,USA,0,0,0
1628499,Antonius Cleveland,198.12,S.E. Missouri,USA,0,0,0
1629599,Amir Coffey,200.66,Minnesota,USA,0,0,0
1629055,Donte Grantham,203.2,Clemson,USA,0,0,0
1629806,B.J. Taylor,0.0,Unknown,Unknown,0,0,0
1628769,Tahjere McCall,195.58,Tennessee State,USA,0,0,0
1629717,Armoni Brooks,190.5,Houston,USA,2019,2019,2019
1629094,Marcus Derrickson,200.66,Unknown,USA,0,0,0
1626296,Jordan Sibert,193.04,University of Dayton,USA,0,0,0
1629779,Justin Simon,0.0,Unknown,Unknown,0,0,0
1628495,Milton Doyle,193.04,Loyola (IL),USA,0,0,0
1629690,Adam Mokoka,195.58,Unknown,France,0,0,0
1626245,Cristiano Felicio,208.28,Unknown,Brazil,0,0,0
1629679,Simisola Shittu,0.0,Unknown,Unknown,0,0,0
1628967,Tyus Battle,0.0,Unknown,Unknown,0,0,0
1629956,Barry Brown,0.0,Unknown,Unknown,0,0,0
1629244,Cameron Reynolds,203.2,Unknown,USA,0,0,0
1629730,Rayjon Tucker,190.5,Arkansas-Little Rock,USA,0,0,0
1629860,Jon Davis,0.0,Unknown,Unknown,0,0,0
1629353,Isaac Humphries,213.36,Kentucky,Australia,0,0,0
1629724,Vic Law,200.66,Northwestern,USA,0,0,0
2207,Joe Johnson,200.66,Arkansas,USA,2001,2001,2001
1629270,Todd Withers,0.0,Unknown,Unknown,0,0,0
1629743,Donta Hall,205.74,Alabama,USA,0,0,0
1629663,Louis King,200.66,Oregon,USA,0,0,0
1628424,Kobi Simmons,193.04,Arizona,USA,0,0,0
1629606,Robert Franks,200.66,Washington State,USA,2019,2019,2019
1629759,Ahmed Hill,0.0,Unknown,Unknown,0,0,0
1628417,Jaron Blossomgame,203.2,Clemson,USA,2017,2017,2017
1627784,Jarrod Uthoff,205.74,Iowa,USA,0,0,0
203583,Abdul Gaddy,0.0,Unknown,Unknown,0,0,0
1629652,Luguentz Dort,190.5,Arizona State,Canada,0,0,0
1629152,DeVaughn Akoon-Purcell,198.12,Illinois State,Trinidad and Tobago,0,0,0
1627988,Myke Henry,198.12,Unknown,USA,0,0,0
203961,Eric Moreland,208.28,Oregon State,USA,0,0,0
203460,Andre Roberson,200.66,Colorado,USA,2013,2013,2013
1627858,Kyle Collinsworth,198.12,Brigham Young,USA,0,0,0
1629739,William Howard,203.2,Unknown,France,0,0,0
203687,Reggie Hearn,195.58,Northwestern,USA,0,0,0
1628578,Amida Brimah,208.28,Connecticut,USA,0,0,0
1627215,Walt Lemon Jr.,190.5,Unknown,USA,0,0,0
203506,Victor Oladipo,193.04,Indiana,USA,2013,2013,2013
203912,C.J. Wilcox,0.0,Unknown,Unknown,0,0,0
1629232,Kaiser Gates,0.0,Unknown,Unknown,0,0,0
1628999,Yante Maten,203.2,Unknown,USA,0,0,0
1626185,Jarell Martin,208.28,Louisiana State,USA,2015,2015,2015
1629716,Marques Bolden,208.28,Duke,USA,2019,2019,2019
1628414,Sindarius Thornwell,195.58,South Carolina,USA,2017,2017,2017
1627772,Daniel Hamilton,200.66,Connecticut,USA,2016,2016,2016
1629122,J.P. Macura,195.58,Xavier,USA,0,0,0
1629685,Dylan Windler,198.12,Belmont,USA,2019,2019,2019
1629725,Jeremiah Martin,187.96,Memphis,USA,0,0,0
1628539,Mychal Mulder,190.5,Kentucky,Canada,0,0,0
1628605,Dusty Hannahs,193.04,Arkansas,USA,0,0,0
1629751,Dakota Mathias,193.04,Purdue,USA,2018,2018,2018
1629689,Aric Holman,0.0,Unknown,Unknown,0,0,0
1628399,Tyler Lydon,205.74,Syracuse,USA,2017,2017,2017
203138,Hollis Thompson,203.2,Georgetown,USA,0,0,0
1627755,Tyler Ulis,177.8,Kentucky,USA,2016,2016,2016
1629665,Jalen Lecque,193.04,Unknown,USA,0,0,0
1629826,Norense Odiase,0.0,Unknown,Unknown,0,0,0
1629749,David Kramer,0.0,Unknown,Unknown,0,0,0
1629745,Tariq Owens,208.28,Texas Tech,USA,0,0,0
204065,David Stockton,180.34,Gonzaga,USA,0,0,0
1629664,Dedric Lawson,0.0,Unknown,Unknown,0,0,0
1629825,Perrion Callandret,0.0,Unknown,Unknown,0,0,0
1628996,Sagaba Konate,0.0,Unknown,Unknown,0,0,0
1629121,Jaylen Adams,187.96,St. Bonaventure,USA,0,0,0
1629612,Luke Maye,0.0,Unknown,Unknown,0,0,0
1626147,Justin Anderson,198.12,Virginia,USA,2015,2015,2015
1629595,Phil Booth,0.0,Unknown,Unknown,0,0,0
1629203,Jemerrio Jones,195.58,Unknown,USA,0,0,0
202322,John Wall,193.04,Kentucky,USA,2010,2010,2010
1629061,Deng Adel,200.66,Unknown,South Sudan,0,0,0
1629786,John Egbunu,0.0,Unknown,Unknown,0,0,0
1629616,Josh Perkins,0.0,Unknown,Unknown,0,0,0
1629147,Joe Chealey,190.5,College of Charleston,USA,0,0,0
1629609,Amir Hinton,0.0,Unknown,Unknown,0,0,0
1629129,Trevon Bluiett,0.0,Unknown,Unknown,0,0,0
1629819,Yudai Baba,0.0,Unknown,Unknown,0,0,0
1629753,Isaiah Pineiro,0.0,Unknown,Unknown,0,0,0
1628450,Eric Mika,208.28,Brigham Young,USA,2017,2017,2017
1629818,Jordan Murphy,0.0,Unknown,Unknown,0,0,0
1629623,Lindell Wigginton,185.42,Iowa State,Canada,2019,2019,2019
1629615,James Palmer Jr.,0.0,Unknown,Unknown,0,0,0
1629097,Terry Larrier,0.0,Unknown,Unknown,0,0,0
1629118,Thomas Welsh,213.36,UCLA,USA,2018,2018,2018
203461,Anthony Bennett,203.2,Nevada-Las Vegas,Canada,2013,2013,2013
203906,Devyn Marble,198.12,Iowa,USA,2014,2014,2014
1629755,Hassani Gravett,187.96,South Carolina,USA,2019,2019,2019
1629721,JaKeenan Gant,0.0,Unknown,Unknown,0,0,0
202391,Jeremy Lin,190.5,Harvard,USA,0,0,0
201975,Jodie Meeks,193.04,Kentucky,USA,2009,2009,2009
101106,Andrew Bogut,213.36,Utah,Australia,2005,2005,2005
2733,Shaun Livingston,200.66,Unknown,USA,2004,2004,2004
201973,Jonas Jerebko,208.28,Unknown,Sweden,2009,2009,2009
202703,Nikola Mirotic,208.28,Unknown,Montenegro,2011,2011,2011
202328,Greg Monroe,210.82,Georgetown,USA,2010,2010,2010
101161,Amir Johnson,205.74,Unknown,USA,2005,2005,2005
203613,Jonathon Simmons,198.12,Houston,USA,0,0,0
202702,Kenneth Faried,203.2,Morehead State,USA,2011,2011,2011
1627824,Guerschon Yabusele,203.2,Unknown,France,2016,2016,2016
201967,Dante Cunningham,203.2,Villanova,USA,2009,2009,2009
202700,Donatas Motiejunas,213.36,Unknown,Lithuania,2011,2011,2011
202347,Quincy Pondexter,198.12,Washington,USA,2010,2010,2010
202327,Ekpe Udoh,208.28,Baylor,USA,2010,2010,2010
1626170,Jerian Grant,193.04,Notre Dame,USA,2015,2015,2015
101109,Raymond Felton,185.42,North Carolina,USA,2005,2005,2005
101181,Jose Calderon,190.5,Unknown,Spain,0,0,0
2585,Zaza Pachulia,210.82,Unknown,Georgia,2003,2003,2003
1626780,Jonathan Gibson,187.96,New Mexico State,USA,0,0,0
201954,Darren Collison,182.88,UCLA,USA,2009,2009,2009
201936,Tyreke Evans,198.12,Memphis,USA,2009,2009,2009
202720,Jon Leuer,208.28,Wisconsin,USA,2011,2011,2011
1627738,Deyonta Davis,208.28,Michigan State,USA,2016,2016,2016
2548,Dwyane Wade,193.04,Marquette,USA,2003,2003,2003
1626210,Alan Williams,203.2,California-Santa Barbara,USA,0,0,0
202714,Shelvin Mack,190.5,Butler,USA,2011,2011,2011
2225,Tony Parker,187.96,Unknown,France,2001,2001,2001
203098,John Jenkins,193.04,Vanderbilt,USA,2012,2012,2012
1628439,Isaiah Hicks,205.74,North Carolina,USA,0,0,0
1628656,Billy Garrett,198.12,DePaul,USA,0,0,0
1627782,Wayne Selden,195.58,Kansas,USA,0,0,0
1629102,Brandon Sampson,195.58,Unknown,USA,0,0,0
1628469,Antonio Blakeney,193.04,Louisiana State,USA,0,0,0
1628959,Rawle Alkins,195.58,Unknown,USA,0,0,0
1628416,Tyler Dorsey,195.58,Oregon,USA,2017,2017,2017
1627395,Julian Washburn,203.2,Texas-El Paso,USA,0,0,0
201149,Joakim Noah,210.82,Florida,USA,2007,2007,2007
1628393,Jawun Evans,182.88,Oklahoma State,USA,2017,2017,2017
1629045,Bonzie Colson,198.12,Notre Dame,USA,0,0,0
1717,Dirk Nowitzki,213.36,Unknown,Germany,1998,1998,1998
2734,Devin Harris,190.5,Wisconsin,USA,2004,2004,2004
1626257,Salah Mejri,218.44,Unknown,Tunisia,0,0,0
1629123,Jared Terrell,190.5,Rhode Island,USA,0,0,0
1628249,Mitchell Creek,198.12,Unknown,Australia,0,0,0
1628463,Tyler Cavanaugh,205.74,George Washington,USA,0,0,0
201147,Corey Brewer,205.74,Florida,USA,2007,2007,2007
1627786,Troy Williams,200.66,Indiana,USA,0,0,0
1628070,Jordan Loyd,193.04,Unknown,USA,0,0,0
201573,Jerryd Bayless,190.5,Arizona,USA,2008,2008,2008
1629140,Johnathan Williams,205.74,Gonzaga,USA,0,0,0
203546,Ian Clark,190.5,Belmont,USA,0,0,0
1629541,Dairis Bertans,193.04,Unknown,Latvia,0,0,0
2037,Jamal Crawford,195.58,Michigan,USA,2000,2000,2000
202690,Jimmer Fredette,187.96,Brigham Young,USA,2011,2011,2011
1626154,RJ Hunter,195.58,Georgia State,USA,2015,2015,2015
1626184,Chasson Randle,187.96,Stanford,USA,0,0,0
1626155,Sam Dekker,205.74,Wisconsin,USA,2015,2015,2015
203917,Nik Stauskas,198.12,Michigan,Canada,2014,2014,2014
101112,Channing Frye,210.82,Arizona,USA,2005,2005,2005
202362,Lance Stephenson,195.58,Cincinnati,USA,2010,2010,2010
1629116,Angel Delgado,208.28,Unknown,Dominican Republic,0,0,0
201585,Kosta Koufos,213.36,Ohio State,USA,2008,2008,2008
202325,Wesley Johnson,200.66,Syracuse,USA,2010,2010,2010
1628610,Cody Demps,0.0,Unknown,Unknown,0,0,0
203159,Scott Machado,185.42,Iona,USA,0,0,0
201281,Andre Ingram,190.5,American University,USA,0,0,0
201160,Jason Smith,213.36,Colorado State,USA,2007,2007,2007
1629053,Vincent Edwards,203.2,Purdue,USA,2018,2018,2018
203093,Terrence Jones,205.74,Kentucky,USA,2012,2012,2012
1628515,Isaiah Briscoe,190.5,Unknown,USA,0,0,0
1627816,Alex Poythress,200.66,Kentucky,USA,0,0,0
1628979,Trevon Duval,187.96,Unknown,USA,0,0,0
203477,Isaiah Canaan,182.88,Murray State,USA,2013,2013,2013
2736,Luol Deng,203.2,Duke,United Kingdom,2004,2004,2004
1629150,Emanuel Terry,205.74,Unknown,USA,0,0,0
203816,Scotty Hopson,200.66,Tennessee,USA,0,0,0
204076,Richard Solomon,0.0,Unknown,Unknown,0,0,0
101162,Marcin Gortat,213.36,Unknown,Poland,2005,2005,2005
1627735,Wade Baldwin IV,193.04,Vanderbilt,USA,2016,2016,2016
201563,Michael Beasley,205.74,Kansas State,USA,2008,2008,2008
203518,Alex Abrines,198.12,Unknown,Spain,2013,2013,2013
1627780,Gary Payton II,190.5,Oregon State,USA,0,0,0
203564,Kalin Lucas,185.42,Michigan State,USA,0,0,0
203112,Quincy Acy,200.66,Baylor,USA,2012,2012,2012
201956,Omri Casspi,205.74,Unknown,Israel,2009,2009,2009
1627781,Malachi Richardson,198.12,Syracuse,USA,2016,2016,2016
203263,James Nunnally,200.66,California-Santa Barbara,USA,0,0,0
1627758,Ron Baker,193.04,Wichita State,USA,0,0,0
203485,Lorenzo Brown,195.58,North Carolina State,USA,2013,2013,2013
202705,MarShon Brooks,195.58,Providence,USA,2011,2011,2011
1628462,Milos Teodosic,195.58,Unknown,Serbia,0,0,0
201156,Nick Young,198.12,Southern California,USA,2007,2007,2007
1629037,Keenan Evans,0.0,Unknown,Unknown,0,0,0
1628537,Jaylen Morris,195.58,Molloy,USA,0,0,0
1627855,Okaro White,203.2,Florida State,USA,0,0,0
1629155,Zach Lofton,193.04,New Mexico State,USA,0,0,0
1628994,George King,198.12,University of Colorado Boulder,USA,2018,2018,2018
203474,DJ Stephens,195.58,Memphis,USA,0,0,0
1628387,Ike Anigbogu,208.28,UCLA,USA,2017,2017,2017
1629093,Tyler Davis,208.28,Unknown,USA,0,0,0
2747,JR Smith,198.12,Unknown,USA,2004,2004,2004
1627753,Zhou Qi,215.9,Unknown,China,2016,2016,2016
201601,Luc Mbah a Moute,203.2,UCLA,Cameroon,2008,2008,2008
204066,John Holland,195.58,Boston U.,USA,0,0,0
2216,Zach Randolph,205.74,Michigan State,USA,2001,2001,2001
1628419,Cameron Oliver,203.2,Nevada,USA,0,0,0
1627778,Chinanu Onuaku,208.28,Louisville,USA,2016,2016,2016
1629009,Billy Preston,0.0,Unknown,Unknown,0,0,0
204037,Travis Wear,208.28,UCLA,USA,0,0,0
1629050,Jeffrey Carroll,0.0,Unknown,Unknown,0,0,0
1629285,Angel Rodriguez,0.0,Unknown,Unknown,0,0,0
1629260,Tim Bond,0.0,Unknown,Unknown,0,0,0
1629156,Markel Crawford,0.0,Unknown,Unknown,0,0,0
1629078,Doral Moore,0.0,Unknown,Unknown,0,0,0
203130,Darius Johnson-Odom,187.96,Marquette,USA,2012,2012,2012
1629236,Jonathan Stark,0.0,Unknown,Unknown,0,0,0
1629146,Zach Smith,0.0,Unknown,Unknown,0,0,0
1629142,Yanyuhang Ding,0.0,Unknown,Unknown,0,0,0
202918,Xavier Silas,195.58,Northern Illinois,USA,2011,2011,2011
203910,Nick Johnson,190.5,Arizona,USA,2014,2014,2014
1629132,Braian Angola-Rodas,0.0,Unknown,Unknown,0,0,0
202389,Timofey Mozgov,215.9,Unknown,Russia,0,0,0
203080,Thomas Robinson,208.28,Kansas,USA,2012,2012,2012
1629190,C.J. Anderson,0.0,Unknown,Unknown,0,0,0
1627362,Briante Weber,187.96,Virginia Commonwealth,USA,0,0,0
204192,Raphiael Putney,0.0,Unknown,Unknown,0,0,0
1628681,Rodney Purvis,193.04,Connecticut,USA,0,0,0
203950,Jarnell Stokes,205.74,Tennessee,USA,2014,2014,2014
1629352,Jeffrey Coby,0.0,Unknown,Unknown,0,0,0
1629131,Jairus Lyles,0.0,Unknown,Unknown,0,0,0
1627766,Isaiah Cousins,0.0,Unknown,Unknown,0,0,0
1629036,Isaac Haas,0.0,Unknown,Unknown,0,0,0
1627770,Kay Felder,175.26,Unknown,USA,2016,2016,2016
101127,Jarrett Jack,190.5,Georgia Tech,USA,2005,2005,2005
201582,Alexis Ajinca,213.36,Unknown,France,2008,2008,2008
203629,Garlon Green,0.0,Unknown,Unknown,0,0,0
1629000,Brandon McCoy,0.0,Unknown,Unknown,0,0,0
202721,Darius Morris,193.04,Michigan,USA,2011,2011,2011
202732,DeAndre Liggins,198.12,Kentucky,USA,2011,2011,2011
1628429,Charles Cooke,195.58,University of Dayton,USA,0,0,0
203805,Will Cherry,183.0,Montana,USA,0,0,0
1629136,Elijah Stewart,0.0,Unknown,Unknown,0,0,0
1628500,Ben Moore,203.2,Southern Methodist,USA,0,0,0
204179,Omari Johnson,205.74,Oregon State,Jamaica,0,0,0
203962,Josh Huestis,200.66,Stanford,USA,2014,2014,2014
1629245,Nuni Omot,0.0,Unknown,Unknown,0,0,0
202730,Lavoy Allen,205.74,Temple,USA,2011,2011,2011
1629186,Tiwian Kendley,0.0,Unknown,Unknown,0,0,0
1629148,Johnny Hamilton,0.0,Unknown,Unknown,0,0,0
202388,Donald Sloan,190.5,Texas A&M,USA,0,0,0
1629184,Desi Rodriguez,0.0,Unknown,Unknown,0,0,0
203498,Shabazz Muhammad,198.12,UCLA,USA,2013,2013,2013
203909,KJ McDaniels,198.12,Clemson,USA,2014,2014,2014
1628576,Bryce Alford,0.0,Unknown,Unknown,0,0,0
1629149,Codi Miller-McIntyre,0.0,Unknown,Unknown,0,0,0
2731,Emeka Okafor,208.28,Connecticut,USA,2004,2004,2004
1626148,Anthony Brown,200.66,Stanford,USA,2015,2015,2015
201600,Omer Asik,213.36,Unknown,Turkey,2008,2008,2008
1628965,Jaylen Barford,0.0,Unknown,Unknown,0,0,0
1629145,Isaiah Wilkins,0.0,Unknown,Unknown,0,0,0
1626260,Levi Randolph,0.0,Unknown,Unknown,0,0,0
201589,Darrell Arthur,205.74,Kansas,USA,2008,2008,2008
1629154,Rob Gray,0.0,Unknown,Unknown,0,0,0
1629226,Ismaila Kane,0.0,Unknown,Unknown,0,0,0
1629137,Joel Berry II,0.0,Unknown,Unknown,0,0,0
1627875,Marcus Georges-Hunt,198.12,Georgia Tech,USA,0,0,0
1629166,Jeff Roberson,0.0,Unknown,Unknown,0,0,0
1629165,Nick King,0.0,Unknown,Unknown,0,0,0
1628444,Jabari Bird,198.12,California,USA,2017,2017,2017
1626191,Chris McCullough,210.82,Syracuse,USA,2015,2015,2015
1628503,Jamel Artis,200.66,Pittsburgh,USA,0,0,0
202332,Cole Aldrich,210.82,Kansas,USA,2010,2010,2010
1629005,Malik Newman,190.5,Kansas,USA,2018,2018,2018
1629246,Tyrius Walker,0.0,Unknown,Unknown,0,0,0
1629159,Marcus Lee,0.0,Unknown,Unknown,0,0,0
1629163,Trey Lewis,0.0,Unknown,Unknown,0,0,0
1629167,Justin Bibbs,0.0,Unknown,Unknown,0,0,0
2561,David West,205.74,Xavier,USA,2003,2003,2003
204028,Tarik Black,210.82,Kansas,USA,0,0,0
1628935,Aaron Jackson,190.5,Unknown,USA,0,0,0
2570,Kendrick Perkins,208.28,Unknown,USA,2003,2003,2003
203499,Shane Larkin,180.34,Miami (FL),USA,2013,2013,2013
202348,Jordan Crawford,193.04,Xavier,USA,2010,2010,2010
203512,Lucas Nogueira,213.36,Unknown,Brazil,2013,2013,2013
202344,Trevor Booker,203.2,Clemson,USA,2010,2010,2010
2744,Al Jefferson,208.28,Unknown,USA,2004,2004,2004
1626202,Joe Young,187.96,Oregon,USA,2015,2015,2015
1891,Jason Terry,187.96,Arizona,USA,1999,1999,1999
201943,Brandon Jennings,185.42,Unknown,USA,2009,2009,2009
201951,Ty Lawson,180.34,North Carolina,USA,2009,2009,2009
201196,Ramon Sessions,190.5,Nevada,USA,2007,2007,2007
2555,Nick Collison,205.74,Kansas,USA,2003,2003,2003
1626177,Dakari Johnson,213.36,Kentucky,USA,2015,2015,2015
201166,Aaron Brooks,182.88,Oregon,USA,2007,2007,2007
202337,Luke Babbitt,205.74,Nevada,USA,2010,2010,2010
1938,Manu Ginobili,198.12,Unknown,Argentina,1999,1999,1999
203530,Joffrey Lauvergne,210.82,Unknown,France,2013,2013,2013
203464,Brandon Paul,193.04,Unknown,USA,0,0,0
2210,Richard Jefferson,200.66,Arizona,USA,2001,2001,2001
204022,Jack Cooley,205.74,Notre Dame,USA,0,0,0
1628502,Nigel Hayes,200.66,Wisconsin,USA,0,0,0
203898,Tyler Ennis,190.5,Syracuse,Canada,2014,2014,2014
201596,Mario Chalmers,185.42,Kansas,USA,2008,2008,2008
202779,Dwight Buycks,190.5,Marquette,USA,0,0,0
2749,Jameer Nelson,182.88,Saint Joseph's,USA,2004,2004,2004
203930,Sean Kilpatrick,193.04,Cincinnati,USA,0,0,0
201167,Arron Afflalo,195.58,UCLA,USA,2007,2007,2007
201578,Marreese Speights,208.28,Florida,USA,2008,2008,2008
1627821,James Webb III,205.74,Boise State,USA,0,0,0
202933,Julyan Stone,198.12,Texas-El Paso,USA,0,0,0
1627779,Marcus Paige,182.88,North Carolina,USA,2016,2016,2016
1628510,Andrew White III,200.66,Syracuse,USA,0,0,0
1628409,Alec Peters,205.74,Valparaiso,USA,2017,2017,2017
1626151,Aaron Harrison,198.12,Kentucky,USA,0,0,0
1627817,Tim Quarterman,198.12,Louisiana State,USA,0,0,0
202379,Jeremy Evans,205.74,Western Kentucky,USA,2010,2010,2010
1627834,Georgios Papagiannis,215.9,Unknown,Greece,2016,2016,2016
204098,Xavier Munford,190.5,Rhode Island,USA,0,0,0
1627850,Marshall Plumlee,213.36,Duke,USA,0,0,0
1626175,Jordan Mickey,203.2,Louisiana State,USA,2015,2015,2015
203104,Marquis Teague,187.96,Kentucky,USA,2012,2012,2012
203580,Larry Drew II,187.96,UCLA,USA,0,0,0
1626199,Darrun Hilliard,198.12,Villanova,USA,2015,2015,2015
1627744,Brice Johnson,208.28,North Carolina,USA,2016,2016,2016
1627835,Paul Zipser,203.2,Unknown,Germany,2016,2016,2016
1628493,Mangok Mathiang,208.28,Louisville,Australia,0,0,0
203923,James Young,198.12,Kentucky,USA,2014,2014,2014
1627866,Jameel Warney,203.2,"Stony Brook, N.Y.",USA,0,0,0
1628571,Erik McCree,203.2,Louisiana Tech,USA,0,0,0
1627785,Isaiah Whitehead,193.04,Seton Hall,USA,2016,2016,2016
202682,Derrick Williams,203.2,Arizona,USA,2011,2011,2011
1627856,Matt Costello,208.28,Michigan State,USA,0,0,0
1628504,Xavier Rathan-Mayes,193.04,Florida State,Canada,0,0,0
1627098,Malcolm Delaney,190.5,Virginia Tech,USA,0,0,0
204067,Jarell Eddie,200.66,Virginia Tech,USA,0,0,0
201148,Brandan Wright,205.74,North Carolina,USA,2007,2007,2007
202713,Kyle Singler,203.2,Duke,USA,2011,2011,2011
1626173,Rashad Vaughn,198.12,UNLV,USA,2015,2015,2015
203590,Trey McKinney-Jones,195.58,Miami (FL),USA,0,0,0
203900,Markel Brown,190.5,Oklahoma State,USA,2014,2014,2014
1628455,Mike James,187.96,Duquesne,USA,0,0,0
201177,Josh McRoberts,208.28,Duke,USA,2007,2007,2007
203186,Willie Reed,208.28,Saint Louis,USA,0,0,0
203948,Johnny O'Bryant III,205.74,Louisiana State,USA,2014,2014,2014
2754,Tony Allen,193.04,Oklahoma State,USA,2004,2004,2004
1626242,Luis Montero,200.66,Westchester CC NY,Dominican Republic,0,0,0
2863,Damien Wilkins,198.12,Georgia,USA,0,0,0
203949,James Michael McAdoo,205.74,North Carolina,USA,0,0,0
201628,Bobby Brown,187.96,Cal State-Fullerton,USA,0,0,0
1628451,Jacob Wiley,203.2,Eastern Washington,USA,0,0,0
203505,Vander Blue,193.04,Marquette,USA,0,0,0
1626643,Jacob Pullen,185.42,Kansas State,USA,0,0,0
1628475,Matt Williams Jr.,195.58,Central Florida,USA,0,0,0
203966,Jamil Wilson,200.66,Marquette,USA,0,0,0
1627762,Joel Bolomboy,205.74,Weber State,Ukraine,2016,2016,2016
203940,Adreian Payne,208.28,Michigan State,USA,2014,2014,2014
1626205,Vincent Hunter,203.2,Texas-El Paso,USA,0,0,0
203489,Nate Wolters,193.04,South Dakota State,USA,2013,2013,2013
203481,Jeff Withey,213.36,Kansas,USA,2013,2013,2013
1628473,Yakuba Ouattara,0.0,Unknown,Unknown,0,0,0
1627852,Nicolas Brussino,203.2,Unknown,Argentina,0,0,0
1628492,Gian Clavell,193.04,Colorado State,Puerto Rico,0,0,0
2746,Josh Smith,205.74,Unknown,USA,2004,2004,2004
1627851,Mindaugas Kuzminskas,205.74,Unknown,Lithuania,0,0,0
203141,Mirza Teletovic,205.74,Unknown,Bosnia,0,0,0
203467,Carrick Felix,198.12,Arizona State,USA,2013,2013,2013
1628454,Mike Young,0.0,Unknown,Unknown,0,0,0
1628528,Ike Iroegbu,0.0,Unknown,Unknown,0,0,0
1628512,Matt Jones,0.0,Unknown,Unknown,0,0,0
1627771,Michael Gbinije,200.66,Syracuse,USA,2016,2016,2016
2757,Beno Udrih,190.5,Unknown,Slovenia,2004,2004,2004
201202,Joel Anthony,205.74,Nevada-Las Vegas,Canada,0,0,0
1627773,AJ Hammons,213.36,Purdue,USA,2016,2016,2016
203183,Tony Mitchell,198.12,Alabama,USA,0,0,0
1628511,James Blackmon Jr.,0.0,Unknown,Unknown,0,0,0
2743,Kris Humphries,205.74,Minnesota,USA,2004,2004,2004
1628554,Isaac Hamilton,0.0,Unknown,Unknown,0,0,0
204014,Damjan Rudez,208.28,Unknown,Croatia,0,0,0
203103,Perry Jones III,210.82,Baylor,USA,2012,2012,2012
1626146,Cliff Alexander,203.2,Kansas,USA,0,0,0
1627825,Rade Zagorac,0.0,Unknown,Unknown,0,0,0
1628677,Durand Scott,0.0,Unknown,Unknown,0,0,0
1627815,Sheldon Mac,198.12,Miami (Fla.),USA,0,0,0
203146,Maalik Wayns,185.42,Villanova,USA,0,0,0
1626165,Brandon Ashley,0.0,Unknown,Unknown,0,0,0
1628516,Terry Henderson,0.0,Unknown,Unknown,0,0,0
1628494,T.J. Williams,0.0,Unknown,Unknown,0,0,0
1628517,Luke Petrasek,0.0,Unknown,Unknown,0,0,0
204310,Davion Berry,0.0,Unknown,Unknown,0,0,0
1627754,Diamond Stone,210.82,Maryland,USA,2016,2016,2016
1628575,Jaylen Johnson,0.0,Unknown,Unknown,0,0,0
1628460,Bronson Koenig,0.0,Unknown,Unknown,0,0,0
201627,Anthony Morrow,195.58,Georgia Tech,USA,0,0,0
203462,Archie Goodwin,195.58,Kentucky,USA,2013,2013,2013
202407,Elijah Millsap,198.12,Alabama-Birmingham,USA,0,0,0
203187,Chris Johnson,210.82,Louisiana State,USA,0,0,0
1628437,George de Paula,0.0,Unknown,Unknown,0,0,0
204064,Akil Mitchell,0.0,Unknown,Unknown,0,0,0
1628496,Jeremy Senglin,0.0,Unknown,Unknown,0,0,0
1628679,Daniel Dixon,0.0,Unknown,Unknown,0,0,0
1628433,L.J. Peak,0.0,Unknown,Unknown,0,0,0
1626182,Jonathan Holmes,0.0,Unknown,Unknown,0,0,0
1628477,Landry Nnoko,0.0,Unknown,Unknown,0,0,0
1628491,Derek Willis,0.0,Unknown,Unknown,0,0,0
204002,Edy Tavares,220.98,Unknown,Cabo Verde,2014,2014,2014
203902,Semaj Christon,190.5,Xavier,USA,2014,2014,2014
1628577,Rashawn Thomas,0.0,Unknown,Unknown,0,0,0
2735,Josh Childress,203.2,Stanford,USA,2004,2004,2004
1628680,Torian Graham,0.0,Unknown,Unknown,0,0,0
203547,Eric Griffin,0.0,Unknown,Unknown,0,0,0
200766,Marcus Williams,190.5,Connecticut,USA,2006,2006,2006
203199,DeQuan Jones,203.2,Miami (FL),USA,0,0,0
1628453,Melo Trimble,0.0,Unknown,Unknown,0,0,0
1627849,Daniel Ochefu,210.82,Villanova,USA,0,0,0
1628176,LaDontae Henton,0.0,Unknown,Unknown,0,0,0
1628431,V.J. Beachem,0.0,Unknown,Unknown,0,0,0
1627757,Stephen Zimmerman,213.36,Nevada-Las Vegas,USA,2016,2016,2016
201575,Brandon Rush,198.12,Kansas,USA,2008,2008,2008
203088,Kendall Marshall,193.04,North Carolina,USA,2012,2012,2012
1628514,Peter Jok,0.0,Unknown,Unknown,0,0,0
1628579,Taylor Braun,0.0,Unknown,Unknown,0,0,0
1628535,Jordan Mathews,0.0,Unknown,Unknown,0,0,0
162777,Georges Niang,203.2,Iowa State,USA,2016,2016,2016
202360,Andy Rautins,193.04,Syracuse,USA,2010,2010,2010
1627787,Kyle Wiltjer,208.28,Gonzaga,Canada,0,0,0
1628452,Kennedy Meeks,0.0,Unknown,Unknown,0,0,0
1962937755,Paige Marcus,0.0,Unknown,Unknown,0,0,0
1628456,Jeremy Morgan,0.0,Unknown,Unknown,0,0,0
1962937827,Matt Matt,0.0,Unknown,Unknown,0,0,0
1628241,Devin Williams,0.0,Unknown,Unknown,0,0,0
1628174,Alex Hamilton,0.0,Unknown,Unknown,0,0,0
101114,Deron Williams,190.5,Illinois,USA,2005,2005,2005
2563,Dahntay Jones,198.12,Duke,USA,2003,2003,2003
2592,James Jones,203.2,Miami (FL),USA,2003,2003,2003
2440,Matt Barnes,200.66,UCLA,USA,2002,2002,2002
101135,David Lee,205.74,Florida,USA,2005,2005,2005
2564,Boris Diaw,203.2,Unknown,France,2003,2003,2003
1718,Paul Pierce,200.66,Kansas,USA,1998,1998,1998
101187,Alan Anderson,198.12,Michigan State,USA,0,0,0
101138,Brandon Bass,203.2,Louisiana State,USA,2005,2005,2005
2399,Mike Dunleavy,205.74,Duke,USA,2002,2002,2002
201150,Spencer Hawes,213.36,Washington,USA,2007,2007,2007
202708,Norris Cole,187.96,Cleveland State,USA,2011,2011,2011
202338,Kevin Seraphin,205.74,Le Moyne,France,2010,2010,2010
101145,Monta Ellis,190.5,Unknown,USA,2005,2005,2005
1626176,Rakeem Christmas,205.74,Syracuse,USA,2015,2015,2015
201941,Jordan Hill,208.28,Arizona,USA,2009,2009,2009
1626253,Axel Toupane,200.66,Unknown,France,0,0,0
1897,Metta World Peace,198.12,St. John's (NY),USA,1999,1999,1999
1627868,Patricio Garino,198.12,George Washington,Argentina,0,0,0
203527,Ryan Kelly,210.82,Duke,USA,2013,2013,2013
2034,Mike Miller,203.2,Florida,USA,2000,2000,2000
201579,Roy Hibbert,218.44,Georgetown,USA,2008,2008,2008
203120,Justin Hamilton,213.36,Louisiana State,USA,2012,2012,2012
200751,Randy Foye,193.04,Villanova,USA,2006,2006,2006
203094,Andrew Nicholson,205.74,St. Bonaventure,Canada,2012,2012,2012
201945,Gerald Henderson,195.58,Duke,USA,2009,2009,2009
1627848,Shawn Long,205.74,Louisiana-Lafayette,USA,0,0,0
201168,Tiago Splitter,210.82,Unknown,Brazil,2007,2007,2007
200771,Sergio Rodriguez,190.5,Unknown,Spain,2006,2006,2006
1626254,Maurice Ndour,205.74,Ohio U.,Senegal,0,0,0
2756,Sasha Vujacic,200.66,Unknown,Slovenia,2004,2004,2004
203148,Brian Roberts,185.42,Dayton,USA,0,0,0
101179,Ronnie Price,187.96,Utah Valley,USA,0,0,0
201228,C.J. Watson,187.96,Tennessee,USA,0,0,0
202336,Larry Sanders,210.82,Virginia Commonwealth,USA,2010,2010,2010
2571,Leandro Barbosa,190.5,Unknown,Brazil,2003,2003,2003
202412,Manny Harris,195.58,Michigan,USA,0,0,0
201155,Rodney Stuckey,195.58,Eastern Washington,USA,2007,2007,2007
201962,Toney Douglas,185.42,Florida State,USA,2009,2009,2009
202712,Justin Harper,208.28,Richmond,USA,2011,2011,2011
1627791,Ben Bentil,205.74,Providence,Ghana,2016,2016,2016
202130,Reggie Williams,201.0,Georgetown,USA,1987,1987,1987
2449,Luis Scola,205.74,Unknown,Argentina,2002,2002,2002
203934,Lamar Patterson,195.58,Pittsburgh,USA,2014,2014,2014
1627861,Mike Tobey,213.36,Virginia,USA,0,0,0
203492,Ray McCallum,190.5,Detroit Mercy,USA,2013,2013,2013
201977,Marcus Thornton,193.04,Louisiana State,USA,2009,2009,2009
1626273,Marcelo Huertas,190.5,Unknown,Brazil,0,0,0
203096,Jared Sullinger,205.74,Ohio State,USA,2012,2012,2012
2760,Anderson Varejao,208.28,Unknown,Brazil,2004,2004,2004
200779,Steve Novak,208.28,Marquette,USA,2006,2006,2006
203510,Pierre Jackson,177.8,Baylor,USA,2013,2013,2013
202390,Gary Neal,193.04,Towson,USA,0,0,0
202087,Alonzo Gee,198.12,Alabama,USA,0,0,0
101249,John Lucas III,180.34,Oklahoma State,USA,0,0,0
202620,Arinze Onuaku,205.74,Syracuse,USA,0,0,0
1627879,Nicolas Laprovittola,193.04,Unknown,Argentina,0,0,0
2365,Chris Andersen,208.28,Blinn,USA,0,0,0
200770,Jordan Farmar,187.96,UCLA,USA,2006,2006,2006
202349,Greivis Vasquez,198.12,Maryland,Venezuela,2010,2010,2010
203105,Festus Ezeli,210.82,Vanderbilt,Nigeria,2012,2012,2012
203511,Grant Jerrett,208.28,Arizona,USA,2013,2013,2013
201880,Greg Stiemsma,210.82,Wisconsin,USA,0,0,0
201146,Yi Jianlian,213.36,Unknown,USA,2007,2007,2007
1627867,Keith Hornsby,0.0,Unknown,Unknown,0,0,0
203133,Robbie Hummel,203.2,Purdue,USA,2012,2012,2012
203143,Pablo Prigioni,190.5,Unknown,Argentina,0,0,0
203798,PJ Hairston,198.12,North Carolina,USA,2014,2014,2014
203520,Livio Jean-Charles,0.0,Unknown,Unknown,0,0,0
1627881,Rasheed Sulaimon,0.0,Unknown,Unknown,0,0,0
1627768,Perry Ellis,0.0,Unknown,Unknown,0,0,0
2446,Rasual Butler,200.66,La Salle,USA,2002,2002,2002
203315,Toure' Murry,195.58,Wichita State,USA,0,0,0
1627760,Cat Barber,185.42,North Carolina State,USA,2016,2016,2016
1628041,Vashil Fernandez,0.0,Unknown,Unknown,0,0,0
203990,Drew Crawford,0.0,Unknown,Unknown,0,0,0
204029,Brady Heslip,0.0,Unknown,Unknown,0,0,0
1626213,Yanick Moreira,0.0,Unknown,Unknown,0,0,0
203560,E.J. Singler,0.0,Unknown,Unknown,0,0,0
203810,Casper Ware,177.8,Long Beach State,USA,0,0,0
2547,Chris Bosh,208.28,Georgia Tech,USA,2003,2003,2003
101198,Will Bynum,182.88,Georgia Tech,USA,0,0,0
1627843,Thomas Walkup,0.0,Unknown,Unknown,0,0,0
1627873,Shawn Dawson,0.0,Unknown,Unknown,0,0,0
1627880,Quincy Ford,0.0,Unknown,Unknown,0,0,0
203135,Robert Sacre,213.36,Gonzaga,Canada,2012,2012,2012
200811,Lou Amundson,205.74,Nevada-Las Vegas,USA,0,0,0
1626160,JP Tokoto,0.0,Unknown,Unknown,0,0,0
1627902,Jaleel Cousins,0.0,Unknown,Unknown,0,0,0
203921,Cleanthony Early,203.2,Wichita State,USA,2014,2014,2014
203996,Damien Inglis,203.2,Unknown,France,2014,2014,2014
203156,Henry Sims,208.28,Georgetown,USA,0,0,0
202841,Cameron Jones,0.0,Unknown,Unknown,0,0,0
203515,Phil Pressey,180.34,Missouri,USA,0,0,0
202343,Elliot Williams,196.0,Memphis,USA,2010,2010,2010
204039,Chris Crawford,205.74,Marquette,USA,1997,1997,1997
203111,Orlando Johnson,195.58,California-Santa Barbara,USA,2012,2012,2012
1626266,JJ O'Brien,200.66,San Diego State,USA,0,0,0
1626294,Jaleel Roberts,0.0,Unknown,Unknown,0,0,0
1627887,Trey Freeman,0.0,Unknown,Unknown,0,0,0
203928,Cory Jefferson,205.74,Baylor,USA,2014,2014,2014
203956,Mitch McGary,208.28,Michigan,USA,2014,2014,2014
1627818,Kaleb Tarczewski,0.0,Unknown,Unknown,0,0,0
202874,Chris Wright,203.2,Dayton,USA,0,0,0
203268,Jorge Gutierrez,190.5,California-Berkeley,Mexico,0,0,0
201978,Chase Budinger,200.66,Arizona,USA,2009,2009,2009
1627862,Beau Beech,0.0,Unknown,Unknown,0,0,0
1627865,Egidijus Mockevicius,0.0,Unknown,Unknown,0,0,0
1627882,Andrew Andrews,0.0,Unknown,Unknown,0,0,0
201593,Nikola Pekovic,210.82,Unknown,Montenegro,2008,2008,2008
1626183,Branden Dawson,198.12,Michigan State,USA,2015,2015,2015
203122,Kevin Murphy,198.12,Tennessee Tech,USA,2012,2012,2012
202728,Keith Benson,210.82,Oakland,USA,2011,2011,2011
1627841,Stefan Jankovic,0.0,Unknown,Unknown,0,0,0
203919,Jordan Adams,195.58,UCLA,USA,2014,2014,2014
1627886,D'Vauntes Smith-Rivera,0.0,Unknown,Unknown,0,0,0
1627938,J.J. Avila,0.0,Unknown,Unknown,0,0,0
1627888,Nikola Jovanovic,0.0,Unknown,Unknown,0,0,0
1882,Elton Brand,203.2,Duke,USA,1999,1999,1999
1627878,Nick Zeisloft,0.0,Unknown,Unknown,0,0,0
202810,D.J. Kennedy,195.58,St. John's (NY),USA,0,0,0
201286,Eric Dawson,205.74,Midwestern State,USA,0,0,0
1627811,Zach Auguste,0.0,Unknown,Unknown,0,0,0
1627829,Julian Jacobs,0.0,Unknown,Unknown,0,0,0
2748,Dorell Wright,200.66,Unknown,USA,2004,2004,2004
1627836,Gracin Bakumanya,0.0,Unknown,Unknown,0,0,0
1627496,Derek Cooke Jr.,0.0,Unknown,Unknown,0,0,0
1627765,Elgin Cook,0.0,Unknown,Unknown,0,0,0
1627954,Scott Wood,0.0,Unknown,Unknown,0,0,0
203100,Tony Wroten,198.12,Washington,USA,2012,2012,2012
203142,Chris Copeland,203.2,Colorado,USA,0,0,0
2590,Mo Williams,185.42,Alabama,USA,2003,2003,2003
1737,Nazr Mohammed,208.28,Kentucky,USA,1998,1998,1998
201574,Jason Thompson,210.82,Rider,USA,2008,2008,2008
2405,Amar'e Stoudemire,208.28,Unknown,USA,2002,2002,2002
1495,Tim Duncan,213.36,Wake Forest,US Virgin Islands,1997,1997,1997
2755,Kevin Martin,200.66,Western Carolina,USA,2004,2004,2004
1889,Andre Miller,187.96,Utah,USA,1999,1999,1999
2549,Chris Kaman,213.36,Central Michigan,USA,2003,2003,2003
2550,Kirk Hinrich,190.5,Kansas,USA,2003,2003,2003
201946,Tyler Hansbrough,205.74,North Carolina,USA,2009,2009,2009
201965,Jeff Ayres,205.74,Arizona State,USA,2009,2009,2009
202726,Andrew Goudelock,190.5,College of Charleston,USA,2011,2011,2011
101111,Charlie Villanueva,210.82,Connecticut,USA,2005,2005,2005
2581,Steve Blake,190.5,Maryland,USA,2003,2003,2003
202341,James Anderson,198.12,Oklahoma State,USA,2010,2010,2010
1626251,Duje Dukan,205.74,Wisconsin,Croatia,0,0,0
2406,Caron Butler,200.66,Connecticut,USA,2002,2002,2002
202353,Tibor Pleiss,220.98,Unknown,Germany,2010,2010,2010
977,Kobe Bryant,200.66,Unknown,USA,1996,1996,1996
203955,Bryce Cotton,185.42,Providence,USA,0,0,0
202706,Jordan Hamilton,200.66,Texas,USA,2011,2011,2011
202962,Greg Smith,208.28,Fresno State,USA,0,0,0
2419,Tayshaun Prince,205.74,Kentucky,USA,2002,2002,2002
203963,Shayne Whittington,210.82,Western Michigan,USA,0,0,0
2588,Matt Bonner,208.28,Florida,USA,2003,2003,2003
201171,Carl Landry,205.74,Purdue,USA,2007,2007,2007
201581,JJ Hickson,205.74,North Carolina State,USA,2008,2008,2008
2400,Drew Gooden,208.28,Kansas,USA,2002,2002,2002
201619,Sasha Kaun,210.82,Kansas,Russia,2008,2008,2008
203508,Sergey Karasev,200.66,Unknown,Russia,2013,2013,2013
203946,Cameron Bairstow,205.74,New Mexico,Australia,2014,2014,2014
200797,Ryan Hollins,213.36,UCLA,USA,2006,2006,2006
201603,Sonny Weems,198.12,Arkansas,USA,2008,2008,2008
203099,Jared Cunningham,193.04,Oregon State,USA,2012,2012,2012
1627293,Alex Stepheson,208.28,USC,USA,0,0,0
1626262,Coty Clarke,200.66,Unknown,USA,0,0,0
201564,O.J. Mayo,193.04,Southern California,USA,2008,2008,2008
1626214,Bryce Dejean-Jones,198.12,Iowa State,USA,0,0,0
201971,DeJuan Blair,200.66,Pittsburgh,USA,2009,2009,2009
203475,Erick Green,193.04,Virginia Tech,USA,2013,2013,2013
200745,Andrea Bargnani,213.36,Unknown,Italy,2006,2006,2006
203951,Keith Appling,185.42,Michigan State,USA,0,0,0
708,Kevin Garnett,210.82,Unknown,USA,1995,1995,1995
203123,Kostas Papanikolaou,203.2,Unknown,Greece,2012,2012,2012
203893,Russ Smith,182.88,Louisville,USA,2014,2014,2014
101236,Chuck Hayes,198.12,Kentucky,USA,0,0,0
101126,Nate Robinson,175.26,Washington,USA,2005,2005,2005
1626288,Joshua Smith,0.0,Unknown,Unknown,0,0,0
203529,Arsalan Kazemi,0.0,Unknown,Unknown,0,0,0
1626269,Denzel Livingston,0.0,Unknown,Unknown,0,0,0
1626217,Chris Walker,0.0,Unknown,Unknown,0,0,0
1626285,Kleon Penn,0.0,Unknown,Unknown,0,0,0
204289,Nick Wiggins,0.0,Unknown,Unknown,0,0,0
201645,Tre Kelley,0.0,Unknown,Unknown,0,0,0
204222,Greg Whittington,203.2,Georgetown,USA,0,0,0
1627322,Bo McCalebb,0.0,Unknown,Unknown,0,0,0
202399,Jeff Adrien,201.0,Connecticut,USA,0,0,0
200821,Yakhouba Diawara,200.66,Pepperdine,USA,0,0,0
1626272,Lazeric Jones,0.0,Unknown,Unknown,0,0,0
1627258,Sampson Carter,0.0,Unknown,Unknown,0,0,0
1626295,Nnanna Egwu,0.0,Unknown,Unknown,0,0,0
2853,Earl Barron,213.36,Memphis,USA,0,0,0
101122,Danny Granger,205.74,New Mexico,USA,2005,2005,2005
202725,Josh Harrellson,208.28,Kentucky,USA,2011,2011,2011
204189,Jaron Johnson,0.0,Unknown,Unknown,0,0,0
1626252,Michale Kyser,0.0,Unknown,Unknown,0,0,0
204040,Ronald Roberts Jr.,0.0,Unknown,Unknown,0,0,0
1626263,Shannon Scott,0.0,Unknown,Unknown,0,0,0
203128,Furkan Aldemir,208.28,Unknown,Turkey,2012,2012,2012
203959,Scottie Wilbekin,0.0,Unknown,Unknown,0,0,0
1626258,Corey Walden,0.0,Unknown,Unknown,0,0,0
1626279,Jason Washburn,0.0,Unknown,Unknown,0,0,0
1626280,Sam Thompson,0.0,Unknown,Unknown,0,0,0
203927,CJ Fair,0.0,Unknown,Unknown,0,0,0
1627292,Kadeem Jack,0.0,Unknown,Unknown,0,0,0
1626201,Wesley Saunders,0.0,Unknown,Unknown,0,0,0
201969,DaJuan Summers,203.2,Georgetown,USA,2009,2009,2009
1626276,Darion Atkins,0.0,Unknown,Unknown,0,0,0
1626275,Travis Trice II,0.0,Unknown,Unknown,0,0,0
202464,Devin Sweetney,0.0,Unknown,Unknown,0,0,0
203569,Chris Babb,195.58,Iowa State,USA,0,0,0
202333,Xavier Henry,198.12,Kansas,USA,2010,2010,2010
1627224,Chris Udofia,0.0,Unknown,Unknown,0,0,0
203913,Jabari Brown,195.58,Missouri,USA,0,0,0
202820,Jarrid Famous,0.0,Unknown,Unknown,0,0,0
2223,Samuel Dalembert,210.82,Seton Hall,Haiti,2001,2001,2001
1626189,Terran Petteway,0.0,Unknown,Unknown,0,0,0
203947,Jordan Bachynski,0.0,Unknown,Unknown,0,0,0
201858,Cartier Martin,200.66,Kansas State,USA,0,0,0
203519,Adonis Thomas,200.66,Memphis,USA,0,0,0
201604,Chris Douglas-Roberts,200.66,Memphis,USA,2008,2008,2008
203929,Melvin Ejim,0.0,Unknown,Unknown,0,0,0
204136,Marcus Simmons,0.0,Unknown,Unknown,0,0,0
202068,Marcus Landry,200.66,Wisconsin,USA,0,0,0
2694,Josh Powell,205.74,North Carolina State,USA,0,0,0
1626208,Keifer Sykes,180.34,Wisc.-Green Bay,USA,0,0,0
203472,Deshaun Thomas,0.0,Unknown,Unknown,0,0,0
204075,Talib Zanna,0.0,Unknown,Unknown,0,0,0
1626180,Michael Qualls,0.0,Unknown,Unknown,0,0,0
1626190,Dez Wells,0.0,Unknown,Unknown,0,0,0
1626193,Robert Upshaw,0.0,Unknown,Unknown,0,0,0
1626270,Will Cummings,0.0,Unknown,Unknown,0,0,0
202719,Jeremy Tyler,208.28,Unknown,USA,2011,2011,2011
202091,Dionte Christmas,195.58,Temple,USA,0,0,0
201948,Austin Daye,210.82,Gonzaga,USA,2009,2009,2009
1626305,Nick Minnerath,0.0,Unknown,Unknown,0,0,0
1626207,Ryan Boatright,0.0,Unknown,Unknown,0,0,0
202808,Chris Daniels,0.0,Unknown,Unknown,0,0,0
203113,Quincy Miller,205.74,Baylor,USA,2012,2012,2012
1626304,Youssou Ndoye,0.0,Unknown,Unknown,0,0,0
200762,Oleksiy Pecherov,213.36,Unknown,Ukraine,2006,2006,2006
1626186,Corey Hawkins,0.0,Unknown,Unknown,0,0,0
202419,Chris Johnson,210.82,Louisiana State,USA,0,0,0
1626219,Juwan Staten,0.0,Unknown,Unknown,0,0,0
1626271,Kyle Casey,0.0,Unknown,Unknown,0,0,0
202358,Terrico White,0.0,Unknown,Unknown,0,0,0
202394,Matt Janning,0.0,Unknown,Unknown,0,0,0
2732,Ben Gordon,190.5,Connecticut,USA,2004,2004,2004
1626289,Marshall Henderson,0.0,Unknown,Unknown,0,0,0
1626290,Corey Webster,0.0,Unknown,Unknown,0,0,0
202366,Jerome Jordan,213.36,Tulsa,Jamaica,2010,2010,2010
202815,Jake Anderson,0.0,Unknown,Unknown,0,0,0
202513,Stefhon Hannah,0.0,Unknown,Unknown,0,0,0
101110,Martell Webster,200.66,Unknown,USA,2005,2005,2005
1626293,Edgar Sosa,0.0,Unknown,Unknown,0,0,0
203502,Tony Mitchell,198.12,Alabama,USA,0,0,0
203586,Charlie Westbrook,0.0,Unknown,Unknown,0,0,0
1626281,Jon Horford,0.0,Unknown,Unknown,0,0,0
1626261,Michael Holyfield,0.0,Unknown,Unknown,0,0,0
2401,Nikoloz Tskitishvili,213.36,Unknown,Georgia,2002,2002,2002
2217,Brendan Haywood,213.36,North Carolina,USA,2001,2001,2001
1890,Shawn Marion,200.66,Nevada-Las Vegas,USA,1999,1999,1999
201595,Joey Dorsey,203.2,Memphis,USA,2008,2008,2008
203544,Pero Antic,210.82,Unknown,Macedonia,0,0,0
201175,Glen Davis,205.74,Louisiana State,USA,2007,2007,2007
201991,Lester Hudson,190.5,Tennessee-Martin,USA,2009,2009,2009
2045,Hedo Turkoglu,203.2,Unknown,Turkey,2000,2000,2000
201979,Nick Calathes,198.12,Florida,USA,2009,2009,2009
201947,Earl Clark,208.28,Louisville,USA,2009,2009,2009
200777,Joel Freeland,208.28,Unknown,Great Britain,2006,2006,2006
203108,Bernard James,208.28,Florida State,USA,2012,2012,2012
2222,Gerald Wallace,200.66,Alabama,USA,2001,2001,2001
203540,Gigi Datome,203.2,Unknown,Italy,0,0,0
202361,Landry Fields,200.66,Stanford,USA,2010,2010,2010
2584,Willie Green,193.04,Detroit Mercy,USA,2003,2003,2003
2557,Luke Ridnour,187.96,Oregon,USA,2003,2003,2003
2501,Reggie Evans,203.2,Iowa,USA,0,0,0
2430,Carlos Boozer,205.74,Duke,USA,2002,2002,2002
203479,Jamaal Franklin,195.58,San Diego State,USA,2013,2013,2013
201611,Henry Walker,198.12,Kansas State,USA,2008,2008,2008
204054,Zoran Dragic,195.58,Unknown,Slovenia,0,0,0
2202,Jason Richardson,198.12,Michigan State,USA,2001,2001,2001
200761,Shawne Williams,205.74,Memphis,USA,2006,2006,2006
203495,Ricky Ledo,200.66,Providence,USA,2013,2013,2013
203106,Jeffery Taylor,200.66,Vanderbilt,Sweden,2012,2012,2012
101131,Jason Maxiell,200.66,Cincinnati,USA,2005,2005,2005
202077,Jerel McNeal,190.5,Marquette,USA,0,0,0
204021,Sim Bhullar,226.06,New Mexico State,Canada,0,0,0
204033,David Wear,208.28,UCLA,USA,0,0,0
101183,Shavlik Randolph,208.28,Duke,USA,0,0,0
201985,AJ Price,187.96,Connecticut,USA,2009,2009,2009
203144,Alexey Shved,198.12,Unknown,Russia,0,0,0
203968,Jerrelle Benimon,203.0,Unknown,USA,0,0,0
202952,Malcolm Thomas,205.74,San Diego State,USA,0,0,0
2422,John Salmons,200.66,Miami (FL),USA,2002,2002,2002
201964,Victor Claver,205.74,Unknown,Spain,2009,2009,2009
2030,Kenyon Martin,205.74,Cincinnati,USA,2000,2000,2000
203958,Andre Dawkins,195.58,Duke,USA,0,0,0
203136,Ognjen Kuzmic,213.36,Unknown,Bosnia,2012,2012,2012
200748,Tyrus Thomas,205.74,Louisiana State,USA,2006,2006,2006
203545,Miroslav Raduljica,213.36,Unknown,Serbia,0,0,0
203945,Alex Kirk,213.36,New Mexico,USA,0,0,0
203561,Brandon Davies,208.28,Brigham Young,USA,0,0,0
203565,Patrick Christopher,196.0,California,USA,0,0,0
2457,Jannero Pargo,187.96,Arkansas,USA,0,0,0
101142,Ronny Turiaf,208.28,Gonzaga,France,2005,2005,2005
203539,Gal Mekel,190.5,Wichita State,Israel,0,0,0
101128,Francisco Garcia,200.66,Louisville,Dominican Republic,2005,2005,2005
202723,Malcolm Lee,195.58,UCLA,USA,2011,2011,2011
204079,Drew Gordon,205.74,New Mexico,USA,0,0,0
203942,Patric Young,0.0,Unknown,Unknown,0,0,0
2742,Sebastian Telfair,182.88,Unknown,USA,2004,2004,2004
200769,Shannon Brown,193.04,Michigan State,USA,2006,2006,2006
1905,Andrei Kirilenko,205.74,Unknown,Russia,1999,1999,1999
203318,Glen Rice,203.2,Michigan,USA,1989,1989,1989
203517,Nemanja Nedovic,190.5,Unknown,Serbia,2013,2013,2013
204026,Brock Motum,0.0,Unknown,Unknown,0,0,0
203197,Diante Garrett,193.04,Iowa State,USA,0,0,0
203905,Aaron Craft,0.0,Unknown,Unknown,0,0,0
2574,Jason Kapono,203.2,UCLA,USA,2003,2003,2003
204030,Mitchell Watt,0.0,Unknown,Unknown,0,0,0
201234,Trey Johnson,195.58,Jackson State,USA,0,0,0
203964,Roscoe Smith,0.0,Unknown,Unknown,0,0,0
959,Steve Nash,190.5,Santa Clara,Canada,1996,1996,1996
204080,Geron Johnson,0.0,Unknown,Unknown,0,0,0
2566,Travis Outlaw,205.74,Unknown,USA,2003,2003,2003
203117,Doron Lamb,193.04,Kentucky,USA,2012,2012,2012
201274,Ivan Johnson,203.2,Cal State-San Bernardino,USA,0,0,0
202698,Chris Singleton,203.2,Florida State,USA,2011,2011,2011
203965,Justin Cobbs,0.0,Unknown,Unknown,0,0,0
203193,Dallas Lauderdale,0.0,Unknown,Unknown,0,0,0
204041,Brian Qvale,0.0,Unknown,Unknown,0,0,0
203102,Arnett Moultrie,208.28,Mississippi State,USA,2012,2012,2012
201189,Aaron Gray,213.36,Pittsburgh,USA,2007,2007,2007
203158,Kevin Jones,203.2,West Virginia,USA,0,0,0
203149,Micheal Eric,0.0,Unknown,Unknown,0,0,0
204027,Josh Davis,203.2,Wyoming,USA,0,0,0
202197,Shane Edwards,200.66,Arkansas-Little Rock,USA,0,0,0
203543,Vitor Faverani,210.82,Unknown,Brazil,0,0,0
203513,Erik Murphy,208.28,Florida,USA,2013,2013,2013
204024,Christian Watford,0.0,Unknown,Unknown,0,0,0
202345,Damion James,200.66,Texas,USA,2010,2010,2010
2788,DJ Mbenga,213.36,Unknown,Democratic Republic of the Congo,0,0,0
204044,Orlando Sanchez,0.0,Unknown,Unknown,0,0,0
204077,Michael Jenkins,0.0,Unknown,Unknown,0,0,0
204053,Shawn Jones,0.0,Unknown,Unknown,0,0,0
201173,Marcus Williams,190.5,Connecticut,USA,2006,2006,2006
202354,Dexter Pittman,210.82,Texas,USA,2010,2010,2010
204078,Yuki Togashi,0.0,Unknown,Unknown,0,0,0
201178,Kyrylo Fesenko,215.9,Unknown,Ukraine,2007,2007,2007
202550,Josh Bostic,0.0,Unknown,Unknown,0,0,0
2567,Brian Cook,205.74,Illinois,USA,2003,2003,2003
201934,Hasheem Thabeet,220.98,Connecticut,Tanzania,2009,2009,2009
204071,Stephen Holt,0.0,Unknown,Unknown,0,0,0
200780,Solomon Jones,208.28,South Florida,USA,2006,2006,2006
203907,Deonte Burton,195.58,Iowa State,USA,0,0,0
202731,Vernon Macklin,208.28,Florida,USA,2011,2011,2011
204063,Kadeem Batts,0.0,Unknown,Unknown,0,0,0
203491,Peyton Siva,182.88,Louisville,USA,2013,2013,2013
203162,Ben Hansbrough,190.5,Notre Dame,USA,0,0,0
204061,Joe Jackson,0.0,Unknown,Unknown,0,0,0
204062,Casey Prather,0.0,Unknown,Unknown,0,0,0
202350,Daniel Orton,208.28,Kentucky,USA,2010,2010,2010
203480,James Southerland,203.2,Syracuse,USA,0,0,0
203119,Kim English,198.12,Missouri,USA,2012,2012,2012
204034,Luke Hancock,0.0,Unknown,Unknown,0,0,0
203551,Dee Bost,0.0,Unknown,Unknown,0,0,0
2586,Keith Bogans,195.58,Kentucky,USA,2003,2003,2003
202363,Jarvis Varnado,205.74,Mississippi State,USA,2010,2010,2010
1740,Rashard Lewis,208.28,Unknown,USA,1998,1998,1998
951,Ray Allen,195.58,Connecticut,USA,1996,1996,1996
2203,Shane Battier,203.2,Duke,USA,2001,2001,2001
201141,Greg Oden,213.36,Ohio State,USA,2007,2007,2007
965,Derek Fisher,185.42,Arkansas-Little Rock,USA,1996,1996,1996
1733,Al Harrington,205.74,Unknown,USA,1998,1998,1998
2248,Earl Watson,185.42,UCLA,USA,2001,2001,2001
101154,Andray Blatche,210.82,Unknown,USA,2005,2005,2005
2215,Jason Collins,213.36,Stanford,USA,2001,2001,2001
201986,Nando De Colo,195.58,Unknown,France,2009,2009,2009
979,Jermaine O'Neal,210.82,Unknown,USA,1996,1996,1996
200756,Hilton Armstrong,210.82,Connecticut,USA,2006,2006,2006
200758,Ronnie Brewer,200.66,Arkansas,USA,2006,2006,2006
2229,Mike James,187.96,Duquesne,USA,0,0,0
201591,DJ White,205.74,Indiana,USA,2008,2008,2008
202686,Jan Vesely,210.82,Unknown,Czech Republic,2011,2011,2011
201576,Anthony Randolph,208.28,Louisiana State,USA,2008,2008,2008
201957,Byron Mullens,213.36,Ohio State,USA,2009,2009,2009
2408,Melvin Ely,208.28,Fresno State,USA,2002,2002,2002
201785,Othyus Jeffers,195.58,Robert Morris (IL),USA,0,0,0
203129,Tornike Shengelia,205.74,Unknown,Georgia,2012,2012,2012
203091,Royce White,203.2,Iowa State,USA,2012,2012,2012
201203,Mustafa Shakur,193.04,Arizona,USA,0,0,0
101115,Andrew Bynum,213.36,Unknown,USA,2005,2005,2005
201953,Eric Maynor,190.5,Virginia Commonwealth,USA,2009,2009,2009
2740,Andris Biedrins,210.82,Unknown,Latvia,2004,2004,2004
203139,Viacheslav Kravtsov,210.82,Unknown,Ukraine,0,0,0
202970,Gustavo Ayon,208.28,Unknown,Mexico,0,0,0
1712,Antawn Jamison,205.74,North Carolina,USA,1998,1998,1998
1497,Chauncey Billups,190.5,Colorado,USA,1997,1997,1997
2427,Roger Mason Jr.,195.58,Virginia,USA,2002,2002,2002
2767,Royal Ivey,190.5,Texas,USA,2004,2004,2004
203116,Tyshawn Taylor,190.5,Kansas,USA,2012,2012,2012
1536,Stephen Jackson,203.2,Butler Community College,USA,1997,1997,1997
101155,Ryan Gomes,200.66,Providence,USA,2005,2005,2005
202380,Hamady Ndiaye,213.36,Rutgers,Senegal,2010,2010,2010
203147,Chris Smith,187.96,Louisville,USA,0,0,0
200839,Mike Harris,198.12,Rice,USA,0,0,0
203548,Elias Harris,203.2,Gonzaga,Germany,0,0,0
2198,Kwame Brown,210.82,Unknown,USA,2001,2001,2001
2224,Jamaal Tinsley,190.5,Iowa State,USA,2001,2001,2001
201187,Dominic McGuire,205.74,Fresno State,USA,2007,2007,2007
203126,Kris Joseph,200.66,Syracuse,USA,2012,2012,2012
202148,Mickell Gladness,210.82,Alabama A&M,USA,0,0,0
203528,Romero Osby,0.0,Unknown,Unknown,0,0,0
201966,Jermaine Taylor,193.04,Central Florida,USA,2009,2009,2009
203483,Kenny Kadji,0.0,Unknown,Unknown,0,0,0
2205,DeSagana Diop,213.36,Unknown,Senegal,2001,2001,2001
200822,Pops Mensah-Bonsu,205.74,George Washington,USA,0,0,0
203466,CJ Leslie,0.0,Unknown,Unknown,0,0,0
101113,Ike Diogu,203.2,Arizona State,USA,2005,2005,2005
203579,Khalif Wyatt,0.0,Unknown,Unknown,0,0,0
203576,Rodney Williams,0.0,Unknown,Unknown,0,0,0
203577,Carlos Morais,0.0,Unknown,Unknown,0,0,0
202070,Tony Gaffney,0.0,Unknown,Unknown,0,0,0
202371,Gani Lawal,205.74,Georgia Tech,USA,2010,2010,2010
101211,Stephen Graham,198.12,Oklahoma State,USA,0,0,0
2857,Andre Barrett,177.8,Seton Hall,USA,0,0,0
203568,Damen Bell-Holter,0.0,Unknown,Unknown,0,0,0
202518,Kammron Taylor,0.0,Unknown,Unknown,0,0,0
203327,Daniel Nwaelele,0.0,Unknown,Unknown,0,0,0
203588,Michael Lee,0.0,Unknown,Unknown,0,0,0
202365,Devin Ebanks,205.74,West Virginia,USA,2010,2010,2010
203097,Fab Melo,213.36,Syracuse,Brazil,2012,2012,2012
203566,Mickey McConnell,0.0,Unknown,Unknown,0,0,0
200764,Renaldo Balkman,203.2,South Carolina,USA,2006,2006,2006
200753,Patrick O'Bryant,213.36,Bradley,USA,2006,2006,2006
203262,Mac Koshwal,0.0,Unknown,Unknown,0,0,0
203587,Courtney Fells,0.0,Unknown,Unknown,0,0,0
201814,Gary Forbes,200.66,Massachusetts,Panama,0,0,0
203556,Trent Lockett,0.0,Unknown,Unknown,0,0,0
101217,D'or Fischer,0.0,Unknown,Unknown,0,0,0
203589,Olek Czyz,0.0,Unknown,Unknown,0,0,0
203176,Kyle Fogg,0.0,Unknown,Unknown,0,0,0
1894,Corey Maggette,198.12,Duke,USA,1999,1999,1999
202408,Marcus Cousin,210.82,Houston,USA,0,0,0
203509,Myck Kabongo,0.0,Unknown,Unknown,0,0,0
2060,Marko Jaric,200.66,Unknown,Serbia,2000,2000,2000
201351,Ron Howard,0.0,Unknown,Unknown,0,0,0
202586,DeShawn Sims,0.0,Unknown,Unknown,0,0,0
203494,Richard Howell,0.0,Unknown,Unknown,0,0,0
101204,Dwayne Jones,210.82,Saint Joseph's,USA,0,0,0
201635,Brandon Heath,0.0,Unknown,Unknown,0,0,0
203558,David Lighty,0.0,Unknown,Unknown,0,0,0
202351,Lazar Hayward,198.12,Marquette,USA,2010,2010,2010
203201,Mustapha Farrakhan,0.0,Unknown,Unknown,0,0,0
202420,Eric Boateng,0.0,Unknown,Unknown,0,0,0
2429,Dan Gadzuric,210.82,UCLA,Netherlands,2002,2002,2002
1503,Tracy McGrady,203.2,Unknown,USA,1997,1997,1997
201970,Sam Young,198.12,Pittsburgh,USA,2009,2009,2009
436,Juwan Howard,205.74,Michigan,USA,1994,1994,1994
2039,Keyon Dooling,195.58,Missouri,USA,2000,2000,2000
201590,Donte Greene,210.82,Syracuse,USA,2008,2008,2008
467,Jason Kidd,193.04,California,USA,1994,1994,1994
948,Marcus Camby,210.82,Massachusetts,USA,1996,1996,1996
2047,Quentin Richardson,198.12,DePaul,USA,2000,2000,2000
1888,Richard Hamilton,198.12,Connecticut,USA,1999,1999,1999
201161,Daequan Cook,195.58,Ohio State,USA,2007,2007,2007
2209,Vladimir Radmanovic,208.28,Unknown,Serbia,2001,2001,2001
200778,James White,200.66,Cincinnati,USA,2006,2006,2006
711,Jerry Stackhouse,198.12,North Carolina,USA,1995,1995,1995
101130,Johan Petro,213.36,Unknown,France,2005,2005,2005
2052,DeShawn Stevenson,195.58,Unknown,USA,2000,2000,2000
203317,Tim Ohlbrecht,210.82,Unknown,Germany,0,0,0
1885,Lamar Odom,208.28,Rhode Island,USA,1999,1999,1999
255,Grant Hill,203.2,Duke,USA,1994,1994,1994
201944,Terrence Williams,198.12,Louisville,USA,2009,2009,2009
2404,Chris Wilcox,208.28,Maryland,USA,2002,2002,2002
2568,Carlos Delfino,198.12,Unknown,Argentina,2003,2003,2003
2605,Marquis Daniels,198.12,Auburn,USA,0,0,0
2768,Chris Duhon,185.42,Duke,USA,2004,2004,2004
2562,Sasha Pavlovic,200.66,Unknown,Montenegro,2003,2003,2003
2407,Jared Jeffries,210.82,Indiana,USA,2002,2002,2002
202701,Nolan Smith,187.96,Duke,USA,2011,2011,2011
201632,Hamed Haddadi,218.44,Unknown,Iran,0,0,0
2038,Joel Przybilla,215.9,Minnesota,USA,2000,2000,2000
101153,Mickael Gelabale,200.66,Unknown,USA,2005,2005,2005
202227,Terrel Harris,193.04,Oklahoma State,USA,0,0,0
203006,Josh Akognon,180.34,Cal State-Fullerton,USA,0,0,0
202724,Charles Jenkins,190.5,Hofstra,USA,2011,2011,2011
200789,Daniel Gibson,187.96,Texas,USA,2006,2006,2006
200809,Chris Quinn,187.96,Notre Dame,USA,0,0,0
101132,Linas Kleiza,203.2,Missouri,Lithuania,2005,2005,2005
2554,Mickael Pietrus,198.12,Unknown,France,2003,2003,2003
739,Rasheed Wallace,210.82,North Carolina,USA,1995,1995,1995
2575,Luke Walton,203.2,Arizona,USA,2003,2003,2003
202458,Justin Dentmon,180.34,Washington,USA,0,0,0
202951,Jeremy Pargo,187.96,Gonzaga,USA,0,0,0
203203,Chris Wright,203.2,Dayton,USA,0,0,0
201958,Rodrigue Beaubois,182.88,Unknown,France,2009,2009,2009
703,Kurt Thomas,205.74,Texas Christian,USA,1995,1995,1995
202727,Travis Leslie,193.04,Georgia,USA,2011,2011,2011
202346,Dominique Jones,195.58,South Florida,USA,2010,2010,2010
202545,Luke Zeller,210.82,Notre Dame,USA,0,0,0
101124,Hakim Warrick,205.74,Syracuse,USA,2005,2005,2005
202715,Tyler Honeycutt,203.2,UCLA,USA,2011,2011,2011
202729,Josh Selby,187.96,Kansas,USA,2011,2011,2011
202396,Samardo Samuels,205.74,Louisville,Jamaica,0,0,0
2572,Josh Howard,200.66,Wake Forest,USA,2003,2003,2003
202809,Cory Higgins,195.58,Colorado,USA,0,0,0
2211,Troy Murphy,210.82,Notre Dame,USA,2001,2001,2001
2545,Darko Milicic,213.36,Unknown,Serbia,2003,2003,2003
2679,Matt Carroll,198.12,Notre Dame,USA,0,0,0
101215,Will Conroy,187.96,Washington,USA,0,0,0
200750,Brandon Roy,198.12,Washington,USA,2006,2006,2006
202376,Luke Harangody,200.66,Notre Dame,USA,2010,2010,2010
2201,Eddy Curry,210.82,Unknown,USA,2001,2001,2001
202707,JaJuan Johnson,208.28,Purdue,USA,2011,2011,2011
203160,Steven Gray,0.0,Unknown,Unknown,0,0,0
201169,Alando Tucker,198.12,Wisconsin,USA,2007,2007,2007
2436,Flip Murray,193.04,Shaw,USA,2002,2002,2002
2648,Ronald Dupree,200.66,Louisiana State,USA,0,0,0
202392,Marqus Blakely,0.0,Unknown,Unknown,0,0,0
203180,Hank Thorns,0.0,Unknown,Unknown,0,0,0
200760,Rodney Carney,200.66,Memphis,USA,2006,2006,2006
2753,Delonte West,193.04,Saint Joseph's,USA,2004,2004,2004
203157,John Shurna,0.0,Unknown,Unknown,0,0,0
202814,Mychel Thompson,198.12,Pepperdine,USA,0,0,0
203206,Ryan Allen,0.0,Unknown,Unknown,0,0,0
203185,Carlon Brown,0.0,Unknown,Unknown,0,0,0
203164,Lance Goulbourne,0.0,Unknown,Unknown,0,0,0
200814,Tarence Kinsey,198.12,South Carolina,USA,0,0,0
200747,Adam Morrison,203.2,Gonzaga,USA,2006,2006,2006
201207,Coby Karl,195.58,Boise State,USA,0,0,0
203192,Demonte Harper,0.0,Unknown,Unknown,0,0,0
201616,Darnell Jackson,205.74,Kansas,USA,2008,2008,2008
201610,Trent Plaisted,0.0,Unknown,Unknown,0,0,0
203190,Micah Downs,0.0,Unknown,Unknown,0,0,0
201633,Rob Kurz,205.74,Notre Dame,USA,0,0,0
203204,Devin Searcy,0.0,Unknown,Unknown,0,0,0
202356,Armon Johnson,190.5,Nevada,USA,2010,2010,2010
201974,Derrick Brown,203.2,Xavier,USA,2009,2009,2009
101158,Orien Greene,193.04,Louisiana-Lafayette,USA,2005,2005,2005
201336,Blake Ahearn,187.96,Missouri State,USA,0,0,0
203155,Oscar Bellfield,0.0,Unknown,Unknown,0,0,0
202417,Stephen Dennis,0.0,Unknown,Unknown,0,0,0
202075,Luke Nevill,0.0,Unknown,Unknown,0,0,0
202178,Sundiata Gaines,185.42,Georgia,USA,0,0,0
202374,Solomon Alabi,215.9,Florida State,Nigeria,2010,2010,2010
201993,Robert Dozier,0.0,Unknown,Unknown,0,0,0
201938,Jonny Flynn,182.88,Syracuse,USA,2009,2009,2009
201602,Kyle Weaver,198.12,Washington State,USA,2008,2008,2008
203195,Michael Dunigan,0.0,Unknown,Unknown,0,0,0
203163,Carleton Scott,0.0,Unknown,Unknown,0,0,0
201651,James Mays,0.0,Unknown,Unknown,0,0,0
1853,Anthony Carter,185.42,Hawaii,USA,0,0,0
203191,Josh Akognon,180.34,Cal State-Fullerton,USA,0,0,0
2109,Eddie Gill,182.88,Weber State,USA,0,0,0
201041,Walker Russell,182.88,Jacksonville State,USA,1982,1982,1982
203153,Reeves Nelson,0.0,Unknown,Unknown,0,0,0
203196,Ronnie Aguilar,0.0,Unknown,Unknown,0,0,0
202446,Jamar Smith,0.0,Unknown,Unknown,0,0,0
202386,Ben Uzoh,190.5,Tulsa,USA,0,0,0
203178,Wesley Witherspoon,0.0,Unknown,Unknown,0,0,0
2765,Andre Emmett,195.58,Texas Tech,USA,2004,2004,2004
203154,Greg Somogyi,0.0,Unknown,Unknown,0,0,0
202221,Brian Butch,0.0,Unknown,Unknown,0,0,0
201821,Trey Gilder,205.74,Northwestern State,USA,0,0,0
203174,Tyler Wilkerson,0.0,Unknown,Unknown,0,0,0
201291,Carldell Johnson,177.8,Alabama-Birmingham,USA,0,0,0
200894,Isma'il Muhammad,0.0,Unknown,Unknown,0,0,0
101235,Kelenna Azubuike,195.58,Kentucky,England,0,0,0
203198,Kevin Anderson,0.0,Unknown,Unknown,0,0,0
201157,Sean Williams,208.28,Boston College,USA,2007,2007,2007
1499,Tony Battie,210.82,Texas Tech,USA,1997,1997,1997
202342,Craig Brackins,208.28,Iowa State,USA,2010,2010,2010
2250,Bobby Simmons,198.12,DePaul,USA,2001,2001,2001
202717,Trey Thompkins,208.28,Georgia,USA,2011,2011,2011
2240,Gilbert Arenas,190.5,Arizona,USA,2001,2001,2001
2243,Brian Scalabrine,205.74,Southern California,USA,2001,2001,2001
956,Erick Dampier,210.82,Mississippi State,USA,1996,1996,1996
201963,Christian Eyenga,195.58,Unknown,Congo,2009,2009,2009
1710,Mike Bibby,187.96,Arizona,USA,1998,1998,1998
101144,Von Wafer,195.58,Florida State,USA,2005,2005,2005
1952,Raja Bell,195.58,Florida International,U.S. Virgin Islands,0,0,0
1884,Baron Davis,190.5,UCLA,USA,1999,1999,1999
2073,Brian Cardinal,203.2,Purdue,USA,2000,2000,2000
202406,Jerome Dyson,190.5,Connecticut,USA,0,0,0
201208,Darryl Watkins,210.82,Syracuse,USA,0,0,0
202622,Courtney Fortson,180.34,Arkansas,USA,0,0,0
202067,Diamon Simpson,0.0,Unknown,Unknown,0,0,0
202716,Jordan Williams,208.28,Maryland,USA,2011,2011,2011
200749,Shelden Williams,205.74,Duke,USA,2006,2006,2006
2048,Jamaal Magloire,208.28,Kentucky,Canada,2000,2000,2000
201182,Derrick Byars,200.66,Vanderbilt,USA,2007,2007,2007
1630,Mikki Moore,213.36,Nebraska,USA,0,0,0
200783,Craig Smith,200.66,Boston College,USA,2006,2006,2006
1802,Brad Miller,210.82,Purdue,USA,0,0,0
1515,Anthony Parker,198.12,Bradley,USA,1997,1997,1997
200081,Jamario Moon,203.2,Meridian Community College,USA,0,0,0
201165,Morris Almond,198.12,Rice,USA,2007,2007,2007
101189,James Singleton,203.2,Murray State,USA,0,0,0
2230,Maurice Evans,195.58,Texas,USA,0,0,0
201972,Jon Brockman,200.66,Washington,USA,2009,2009,2009
1112,Ben Wallace,205.74,Virginia Union,USA,0,0,0
2072,Michael Redd,198.12,Ohio State,USA,2000,2000,2000
1863,Earl Boykins,165.1,Eastern Michigan,USA,0,0,0
201164,Rudy Fernandez,198.12,Unknown,Spain,2007,2007,2007
201623,Semih Erden,210.82,Unknown,Turkey,2008,2008,2008
202862,Dennis Horner,205.74,North Carolina State,USA,0,0,0
2059,Eduardo Najera,203.2,Oklahoma,Mexico,2000,2000,2000
202775,Edwin Ubiles,198.12,Siena,Puerto Rico,0,0,0
202536,Jerry Smith,187.96,Louisville,USA,1963,1963,1963
2804,Andres Nocioni,200.66,Unknown,Argentina,0,0,0
202880,Jeff Foote,213.36,Cornell,USA,0,0,0
1902,Jeff Foster,210.82,Texas State,USA,1999,1999,1999
2246,Mehmet Okur,210.82,Unknown,Turkey,2001,2001,2001
202385,Ryan Reid,203.2,Florida State,USA,2010,2010,2010
2551,T.J. Ford,182.88,Texas,USA,2003,2003,2003
1922,Francisco Elson,213.36,California,Netherlands,1999,1999,1999
2668,Josh Davis,203.2,Wyoming,USA,0,0,0
1716,Larry Hughes,195.58,Saint Louis,USA,1998,1998,1998
202082,Larry Owens,200.66,Oral Roberts,USA,0,0,0
202359,Darington Hobson,200.66,New Mexico,USA,2010,2010,2010
202081,Garret Siler,210.82,Augusta State,USA,0,0,0
1730,Brian Skinner,205.74,Baylor,USA,1998,1998,1998
202375,Magnum Rolle,0.0,Unknown,Unknown,0,0,0
202377,Pape Sy,200.66,Unknown,France,2010,2010,2010
202872,Durrell Summers,0.0,Unknown,Unknown,0,0,0
201981,Taylor Griffin,200.66,Oklahoma,USA,2009,2009,2009
1719,Bonzi Wells,195.58,Ball State,USA,1998,1998,1998
202912,Frank Hassell,0.0,Unknown,Unknown,0,0,0
202904,Gilbert Brown,0.0,Unknown,Unknown,0,0,0
2441,Jamal Sampson,210.82,California,USA,2002,2002,2002
2552,Michael Sweetney,203.2,Georgetown,USA,2003,2003,2003
201594,Walter Sharpe,205.74,Alabama-Birmingham,USA,2008,2008,2008
101209,Devin Green,200.66,Hampton,USA,0,0,0
2137,Ime Udoka,195.58,Portland State,USA,0,0,0
1962936495,Damien Wilkins,198.12,Georgia,USA,0,0,0
122683568,Vernon Macklin,208.28,Florida,USA,2011,2011,2011
202418,Matt Rogers,0.0,Unknown,Unknown,0,0,0
202792,Tyren Johnson,0.0,Unknown,Unknown,0,0,0
202957,Drew Neitzel,0.0,Unknown,Unknown,0,0,0
202963,Jerome Randle,0.0,Unknown,Unknown,0,0,0
201647,Marcus Hubbard,0.0,Unknown,Unknown,0,0,0
202217,Jeremy Wise,0.0,Unknown,Unknown,0,0,0
201191,JamesOn Curry,190.5,Oklahoma State,USA,2007,2007,2007
200852,Antoine Hood,0.0,Unknown,Unknown,0,0,0
201230,Doug Thomas,0.0,Unknown,Unknown,0,0,0
202956,Gary Flowers,0.0,Unknown,Unknown,0,0,0
202961,Julian Khazzouh,0.0,Unknown,Unknown,0,0,0
2773,Tim Pickett,0.0,Unknown,Unknown,0,0,0
202959,Tommy Mitchell,0.0,Unknown,Unknown,0,0,0
2596,Tommy Smith,0.0,Unknown,Unknown,0,0,0
202935,Adrian Oliver,0.0,Unknown,Unknown,0,0,0
202797,Lawrence Hill,0.0,Unknown,Unknown,0,0,0
201266,Brian Hamilton,0.0,Unknown,Unknown,0,0,0
202770,Tristan Thompson,205.74,Texas,Canada,2011,2011,2011
1962936483,Jan Vesely,210.82,Unknown,Czech Republic,2011,2011,2011
1962936489,Brian Skinner,205.74,Baylor,USA,1998,1998,1998
201820,Josh Davis,203.2,Wyoming,USA,0,0,0
2431,David Andersen,210.82,Unknown,USA,2002,2002,2002
201792,Moses Ehambe,0.0,Unknown,Unknown,0,0,0
202175,Darnell Lazare,0.0,Unknown,Unknown,0,0,0
978,Peja Stojakovic,205.74,Unknown,Serbia and Montenegro,1996,1996,1996
2067,Eddie House,185.42,Arizona State,USA,2000,2000,2000
980,Zydrunas Ilgauskas,220.98,Unknown,Lithuania,1996,1996,1996
200796,Leon Powe,203.2,California,USA,2006,2006,2006
2420,Nenad Krstic,213.36,Unknown,Serbia and Montenegro,2002,2002,2002
2306,Carlos Arroyo,187.96,Florida International,Puerto Rico,0,0,0
406,Shaquille O'Neal,215.9,Louisiana State,USA,1992,1992,1992
693,Joe Smith,208.28,Maryland,USA,1995,1995,1995
686,Antonio McDyess,205.74,Alabama,USA,1995,1995,1995
2124,Malik Allen,208.28,Villanova,USA,0,0,0
201607,Patrick Ewing,213.36,Georgetown,Jamaica,1985,1985,1985
1498,Antonio Daniels,193.04,Bowling Green,USA,1997,1997,1997
2041,Etan Thomas,208.28,Syracuse,USA,2000,2000,2000
689,Theo Ratliff,208.28,Wyoming,USA,1995,1995,1995
201154,Al Thornton,203.2,Florida State,USA,2007,2007,2007
2294,Charlie Bell,190.5,Michigan State,USA,0,0,0
202378,Willie Warren,193.04,Oklahoma,USA,2010,2010,2010
202220,Zabian Dowdell,190.5,Virginia Tech,USA,0,0,0
202382,Derrick Caracter,205.74,Texas-El Paso,USA,2010,2010,2010
200817,Pooh Jeter,180.34,Portland,USA,0,0,0
201238,Mario West,195.58,Georgia Tech,USA,0,0,0
201153,Julian Wright,203.2,Kansas,USA,2007,2007,2007
1899,James Posey,203.2,Xavier,USA,1999,1999,1999
2443,Darius Songaila,205.74,Wake Forest,Lithuania,2002,2002,2002
101121,Joey Graham,200.66,Oklahoma State,USA,2005,2005,2005
201151,Acie Law,190.5,Texas A&M,USA,2007,2007,2007
2624,Quinton Ross,198.12,Southern Methodist,USA,0,0,0
2260,Jarron Collins,210.82,Stanford,USA,2001,2001,2001
101129,Luther Head,190.5,Illinois,USA,2005,2005,2005
1715,Jason Williams,185.42,Florida,USA,1998,1998,1998
1752,Sean Marks,208.28,California,New Zealand,1998,1998,1998
202395,Sherron Collins,180.34,Kansas,USA,0,0,0
101214,Jawad Williams,205.74,North Carolina,USA,0,0,0
2050,Morris Peterson,200.66,Michigan State,USA,2000,2000,2000
101120,Antoine Wright,200.66,Texas A&M,USA,2005,2005,2005
2556,Marcus Banks,187.96,Nevada-Las Vegas,USA,2003,2003,2003
200772,Maurice Ager,195.58,Michigan State,USA,2006,2006,2006
2397,Yao Ming,226.06,Unknown,China,2002,2002,2002
101177,Fabricio Oberto,208.28,Unknown,Argentina,0,0,0
201998,Curtis Jerrells,0.0,Unknown,Unknown,0,0,0
201570,Joe Alexander,203.2,West Virginia,USA,2008,2008,2008
201186,Stephane Lasme,203.2,Massachusetts,Gabon,2007,2007,2007
2032,Darius Miles,205.74,Unknown,USA,2000,2000,2000
201199,DJ Strawberry,195.58,Maryland,USA,2007,2007,2007
201183,Adam Haluska,0.0,Unknown,Unknown,0,0,0
200793,Dee Brown,187.96,Jacksonville,USA,1990,1990,1990
201649,Vernon Hamilton,0.0,Unknown,Unknown,0,0,0
202404,Drew Naymick,0.0,Unknown,Unknown,0,0,0
101223,Aaron Miles,185.42,Kansas,USA,0,0,0
202074,Raymond Sykes,0.0,Unknown,Unknown,0,0,0
202238,Kenny Hasbrouck,0.0,Unknown,Unknown,0,0,0
202410,Evan Brock,0.0,Unknown,Unknown,0,0,0
202409,Ricardo Marsh,0.0,Unknown,Unknown,0,0,0
202411,Richard Delk,0.0,Unknown,Unknown,0,0,0
202383,Stanley Robinson,0.0,Unknown,Unknown,0,0,0
202423,Chris Kramer,0.0,Unknown,Unknown,0,0,0
202421,Ryan Thompson,0.0,Unknown,Unknown,0,0,0
201193,Demetris Nichols,203.2,Syracuse,USA,2007,2007,2007
101232,Roger Powell,198.12,Illinois,USA,0,0,0
2078,Jason Hart,187.96,Syracuse,USA,2000,2000,2000
201620,James Gist,0.0,Unknown,Unknown,0,0,0
201159,Javaris Crittenton,195.58,Georgia Tech,USA,2007,2007,2007
200984,Lance Allred,210.82,Weber State,USA,0,0,0
202213,Connor Atchley,0.0,Unknown,Unknown,0,0,0
201621,Joe Crawford,195.58,Kentucky,USA,2008,2008,2008
201848,Longar Longar,0.0,Unknown,Unknown,0,0,0
202402,Kevin Palmer,0.0,Unknown,Unknown,0,0,0
202079,Antonio Anderson,198.12,Memphis,USA,0,0,0
202393,Vernon Goodridge,0.0,Unknown,Unknown,0,0,0
1088,Chucky Atkins,180.34,South Florida,USA,0,0,0
202400,Anthony Mason,203.2,Tennessee State,USA,1988,1988,1988
2739,Luke Jackson,200.66,Oregon,USA,2004,2004,2004
2063,Jake Voskuhl,210.82,Connecticut,USA,2000,2000,2000
202416,Jon Scheyer,0.0,Unknown,Unknown,0,0,0
2632,Kirk Penney,195.58,Wisconsin,USA,0,0,0
202132,Cedric Jackson,190.5,Cleveland State,USA,0,0,0
1903,Kenny Thomas,203.2,New Mexico,USA,1999,1999,1999
244,Dee Brown,187.96,Jacksonville,USA,1990,1990,1990
200792,Alexander Johnson,205.74,Florida State,USA,2006,2006,2006
2254,Loren Woods,215.9,Arizona,USA,2001,2001,2001
714,Michael Finley,200.66,Wisconsin,USA,1995,1995,1995
1533,Anthony Johnson,190.5,College of Charleston,USA,1997,1997,1997
201043,Randolph Morris,210.82,Kentucky,USA,0,0,0
2056,Primoz Brezec,215.9,Unknown,Slovenia,2000,2000,2000
1563,Kevin Ollie,193.04,Connecticut,USA,0,0,0
201181,Chris Richard,205.74,Florida,USA,2007,2007,2007
2484,Devin Brown,195.58,Texas-San Antonio,USA,0,0,0
101143,Travis Diener,185.42,Marquette,USA,2005,2005,2005
201592,J.R. Giddens,195.58,New Mexico,USA,2008,2008,2008
1886,Jonathan Bender,210.82,Unknown,USA,1999,1999,1999
1725,Rasho Nesterovic,213.36,Unknown,Slovenia,1998,1998,1998
200776,Mardy Collins,198.12,Temple,USA,2006,2006,2006
201805,Chris Hunter,210.82,Michigan,USA,0,0,0
1904,Devean George,203.2,Augsburg,USA,1999,1999,1999
200767,Josh Boone,208.28,Connecticut,USA,2006,2006,2006
2239,Trenton Hassell,195.58,Austin Peay,USA,2001,2001,2001
201802,Oliver Lafayette,187.96,Houston,USA,0,0,0
101118,Sean May,205.74,North Carolina,USA,2005,2005,2005
201612,Malik Hairston,198.12,Oregon,USA,2008,2008,2008
2553,Jarvis Hayes,200.66,Georgia,USA,2003,2003,2003
1502,Adonal Foyle,208.28,Colgate,St. Vincent & Grenadines,1997,1997,1997
201605,Nathan Jawai,208.28,Midland,Australia,2008,2008,2008
2212,Steven Hunter,208.28,DePaul,USA,2001,2001,2001
1747,Rafer Alston,187.96,Fresno State,USA,1998,1998,1998
947,Allen Iverson,182.88,Georgetown,USA,1996,1996,1996
1729,Ricky Davis,200.66,Iowa,USA,1998,1998,1998
283,Lindsey Hunter,187.96,Jackson State,USA,1993,1993,1993
2049,Speedy Claxton,180.34,Hofstra,USA,2000,2000,2000
1501,Tim Thomas,208.28,Villanova,USA,1997,1997,1997
2409,Marcus Haislip,208.28,Tennessee,USA,2002,2002,2002
2366,Mike Wilks,177.8,Rice,USA,0,0,0
201629,Othello Hunter,203.2,Ohio State,USA,0,0,0
101146,Roko Ukic,195.58,Unknown,USA,2005,2005,2005
1763,Ryan Bowen,200.66,Iowa,USA,1998,1998,1998
2416,Kareem Rush,198.12,Missouri,USA,2002,2002,2002
200781,Paul Davis,210.82,Michigan State,USA,2006,2006,2006
2046,Desmond Mason,195.58,Oklahoma State,USA,2000,2000,2000
201622,Deron Washington,0.0,Unknown,Unknown,0,0,0
2669,Linton Johnson,203.2,Tulane,USA,0,0,0
201446,Mike Taylor,187.96,Iowa State,USA,2008,2008,2008
200807,Will Blalock,182.88,Iowa State,USA,2006,2006,2006
200971,Dontell Jefferson,195.58,Arkansas,USA,0,0,0
2876,Jared Reiner,210.82,Iowa,USA,0,0,0
202076,Thomas Kelati,0.0,Unknown,Unknown,0,0,0
201235,Courtney Sims,210.82,Michigan,USA,0,0,0
200813,Vincent Grier,0.0,Unknown,Unknown,0,0,0
200575,Romel Beck,0.0,Unknown,Unknown,0,0,0
201983,Goran Suton,0.0,Unknown,Unknown,0,0,0
101194,Anthony Roberson,187.96,Florida,USA,0,0,0
200763,Quincy Douby,190.5,Rutgers,USA,2006,2006,2006
201225,Carlos Powell,0.0,Unknown,Unknown,0,0,0
2424,Dan Dickau,182.88,Gonzaga,USA,2002,2002,2002
200847,Brandon Bowman,0.0,Unknown,Unknown,0,0,0
101208,Spencer Nelson,0.0,Unknown,Unknown,0,0,0
202078,Leon Rodgers,0.0,Unknown,Unknown,0,0,0
1766,Maceo Baston,205.74,Michigan,USA,1998,1998,1998
201781,Russell Robinson,0.0,Unknown,Unknown,0,0,0
202065,Shaun Pruitt,0.0,Unknown,Unknown,0,0,0
101160,Lawrence Roberts,205.74,Mississippi State,USA,2005,2005,2005
200918,Rod Benson,0.0,Unknown,Unknown,0,0,0
1962936250,Wesley Matthews,195.58,Marquette,USA,0,0,0
2413,Juan Dixon,190.5,Maryland,USA,2002,2002,2002
1913,Michael Ruffin,205.74,Tulsa,USA,1999,1999,1999
201648,Frank Robinson,0.0,Unknown,Unknown,0,0,0
202069,Dontaye Draper,0.0,Unknown,Unknown,0,0,0
202071,Michael Fey,0.0,Unknown,Unknown,0,0,0
201776,David Monds,0.0,Unknown,Unknown,0,0,0
201606,Sean Singletary,182.88,Virginia,USA,2008,2008,2008
201242,Thomas Gardner,195.58,Missouri,USA,0,0,0
1962936270,Dionte Christmas,195.58,Temple,USA,0,0,0
201831,Lanny Smith,0.0,Unknown,Unknown,0,0,0
201999,Warren Carter,0.0,Unknown,Unknown,0,0,0
201834,Bennet Davis,0.0,Unknown,Unknown,0,0,0
201646,Brian Hamilton,0.0,Unknown,Unknown,0,0,0
500032,Wesley Matthews,195.58,Marquette,USA,0,0,0
